canonical_brand,FIX_IF_WRONG,product_count,variants_merged,example_product,needs_review
Kdd,,32,,KDD Iced Mocha Coffee with Chocolate Milk 250 ml,
Mentos,,32,,Mentos Pure Fresh Sugarfree Chewing Gum Watermelon 50 Pieces 87.5 g,
Extra,,20,,Extra Refreshers Spearmint – 15.6 g,
Lusine,,18,,Lusine Chocolate Sandwich 105 g,
Chupa Chups,,18,,Chupa Chups Bites Sour Fruit Flavour Gummy Candy 85g,
Qbake,,17,,Qbake Milk Bread 350Gm,
Topsy,,17,,Topsy Cheese Popcorn 18 g,
Halabi,,16,,HALABI Pistachios 250g,
Rani,,15,,Rani Carrot Orange Juice 1.4L,
Pringles,,15,,Pringles Paprika – 165 g,
Kitco,,14,,KITCO Nice Chips Lightly Salted 80g,
Batatos,,12,,Batatos Salt 167g,
Red Bull,,11,,Red Bull Sugarfree 250ml,
Rita,,11,,Rita Blue Sparkling Drink 275ml,
Barbican,,10,,Barbican Pineapple Flavour 330ml,
Almarai,,9,,Almarai Mixed Berry Nectar 1.4L,
Haribo,,9,,Haribo Chamallows Rubino Strawberry Marshmallow 70 g,
Karkish,,9,,Karkish Hot Chilli 40g,
Mexita,,9,,Mexita Hot Chilli & Lime Tortilla Chips 180g,
Yupi,,8,,Yupi Gummi Pizza,
Al Batal,,8,,Al Batal Ketchup Flavour 110g,
Molto,,8,,Molto Chips Ketchup Flavour 70 g,
Coca-Cola,,8,,Coca-Cola Zero Calories 1.25L,
Kinza,,8,,Kinza Lemon Zero Sugar 250ml,
Cadbury,,7,,Cadbury Dairy Milk Oreo 95g,
Mirinda,,7,,Mirinda Orange 2.25L,
Moussy,,7,,Moussy Ice Berry Flavour 330ml,
Baladna,,6,,Baladna Apple Nectar Refreshing Delight 200ml,
Freez,,6,,Freez Mix Pineapple & Coconut Carbonated Drink 275ml,
Kinder,,6,,Kinder Bueno Chocolate Bar 43 g,
Oreo,,6,,Oreo Original Sandwich Biscuits 36.8 g,
Sour,,6,,Sour Whacky Squeeze Candy 70g,
Nestlé,,6,,Nestlé Tola Crispy Wafer with Caramel & Milk Chocolate,
Camel,,5,,Camel Mixed Snacks (36 g),
Skittles,,5,,Skittles Gummies Fruits 60g,
Schogetten,,5,,Schogetten White Chocolate 100g,
Twix,,5,,Twix Miniatures 150g,
Chilli,,5,,Chilli Out Fire Fingers Spicy Chicken 60 g,
Balaji,,5,,Balaji Chataka Pataka Spicy Rice & Corn Snacks 75g,
Pepsi,,5,,Pepsi 2.25L,
Mountain Dew,,5,,Mountain Dew 150ml,
Mr.,,4,,Mr. Brown Iced Coffee 240 ml,
Bliss,,4,,Bliss Veggie Straws Original 27 g,
Takis,,4,,Takis Fuego Hot Chili Pepper & Lime Tortilla Chips,
Chocolate,,4,,Chocolate Cream Oreo – 36.8 g,
Fruties,,4,,Fruties Chew Tape Strawberry 12 g,
Chips,,4,,Chips Oman Chilli Flavour Potato Chips – 137 g,
Frit-C,,4,,Frit-C Extreme Z Strawberry 20g,
Suroor,,4,,Suroor Natural Potato Chips Salt & Vinegar 14 g,
Rubiyan,,4,,Rubiyan Corn Stick Spicy Cheese Flavour 18g,
Barakat,,4,,Barakat Juice Pop Mango Passion 50ml,
Dairy,,4,,Dairy Fruity Spiral 5g,
Sprite,,4,,Sprite Lemon Lime Flavoured 2.25L,
Saba,,4,,Saba Strawberry & Banana Drink Float 240ml,
Al Rifai,,3,,Al Rifai French Coffee 250 gm,
Strawberry,,3,,Strawberry Lollipop,
Fruittella,,3,,Fruittella Mixed Fruit Chewy Sweets Gelatin Free,
Juicy,,3,,Juicy Drop Pop Cola Flavour 27 g,
Crazy,,3,,Crazy Bottle Pop Apple Candy 25 g,
Erko,,3,,Erko Mallow World 120g,
Bounty,,3,,Bounty Miniatures 150g,
Funkee,,3,,Funkee Dips Cherry Sherbet with Candy Dipstick 12g,
Abc,,3,,ABC Cheese 12 g,
Raja,,3,,Raja Potatos Crunchies Ketchup 60 g,
Airwaves,,3,,Airwaves Chewing Gum 14g,
Daity,,3,,Daity Amiral with Milk Ice Cream 80ml,
Vanilla,,3,,Vanilla & Strawberry Sandwich Ice Cream 160ml,
Reese’s,,3,,Reese’s Peanut Butter Chocolate Ice Cream 61ml,
Iceland,,3,,Iceland Vanilla Ice Cream,
Fanta,,3,,Fanta Strawberry 330ml,
Power,,3,,Power Red Energy Drink 250ml,
Pran Frooto,,3,,Pran Frooto Mango Juice 1 Litre,
Vitamilk,,3,,Vitamilk Energy 300 ml,
Vimto,,3,,Vimto Strawberry Fruit Flavoured Drink 250ml,
Toblerone,,2,,Toblerone Ice Cream 65g,
Napoleon,,2,,Napoleon Vanilla Flavour Butterscotch Candy 150 g,
Dabur,,2,,Dabur Glucose Orange Flavoured Energy Powder – Vitamin C & Calcium (500g),
Snaz,,2,,Snaz Swizz Roll with Strawberry (20 g),
Triple,,2,,Triple Power Push Pop Candy (3 Pops in 1) 15 g,
Fizzy,,2,,Fizzy Tubes Sour Fizz Powder 15 g,
Roller,,2,,Roller Blaster Sour Liquid Candy Rol Blue Raspberry 60 ml,
Cats,,2,,Cats Pop Candy Toy,
Hobby,,2,,Hobby Chocolate Coated Wafer Bar 20 g,
Airlist,,2,,Airlist Fruit Chews – 32 g,
Watermelon,,2,,Watermelon Gumball 35 g,
Nani,,2,,"Nani Chocolate with Nougat, Caramel & Hazelnut 40g",
Tongue,,2,,Tongue Painter 18g,
Super,,2,,Super Hyper Acid Apple 0.25g,
Ring,,2,,Ring Candy Grape Flavour 10g,
Bugles,,2,,Bugles Algerian Sauce Flavour 65g,
Ferrero,,2,,Ferrero Rocher 37.5 GM,
Go,,2,,Go On Vitamin L-Carnitine Magnesium 7 Vitamins 50 GM,
Loacker,,2,,Loacker Classic Napolitaner 45 GM,
Nutella,,2,,Nutella Biscuits 1.4 GM,
Salad,,2,,Salad Chips 15 g,
Qatar,,2,,Qatar Pafki 15 g,
Dragos,,2,,Dragos Cheddar Cheese Flavour 25g,
Anquria,,2,,Anquria Watermelon Ice Cream 70ml,
Hershey’s,,2,,Hershey’s Cookies & Cream Ice Cream 61g,
Br,,2,,BR Baskin-Robbins Pralines ’n Cream 120ml,
Duet,,2,,Duet Mango & Vanilla Ice Cream 65ml,
Mango,,2,,Mango Propotious Ice Cream,
Lipton,,2,,Lipton Zero Sugar Peach Ice Tea 320ml,
Schweppes,,2,,Schweppes Ginger Ale 250ml,
Nescafé,,2,,Nescafé Mocha 225ml,
Shani,,2,,Shani Fruit Flavoured Drink 330ml,
Al Rabie,,2,,Al Rabie Original Orange Drink 250ml,
Capri-Sun,,2,,Capri-Sun Mango 200ml,
Amwaj,,2,,Amwaj Mineral Water 330ml x 30,
Test,,1,,Test Product - QAR 1,
Oazis,,1,,Oazis Ice Cream,
Tang,,1,,Tang Orange Instant Drink Powder 375g,
Pomegranate,,1,,Pomegranate Nectar 250ml,
Britannia,,1,,Britannia 50-50 Sweet & Salty Biscuits 71 g,
PRAN Special,,1,,PRAN Special Toast (Rusk) – 385g,
Peanut,,1,,Peanut Butter Bar Granio Milk Chocolate 40g,
Jordina,,1,,Jordina Tropi 35 GM,
Apple,,1,,Apple Fruity Ice,
Delisimo,,1,,Delisimo Hazelnut Plombir Ice Cream 500g,
London,,1,,London Oven Fresh – London Bakery (210 g),
Jumpo,,1,,Jumpo Roll 55 g,
Biscuit,,1,,Biscuit Cream Butter Croissant 80g,
Red Band,,1,,Red Band Tutti Frutti Fruit Flavoured Candy,
Relish,,1,,"Relish Cashew, Pistachio & Oats Cookies 42 g",
Kiddy,,1,,Kiddy Toys Rubber Chicken Toy,
Pink,,1,,Pink & White Marshmallow 100 g,
Borgat,,1,,Borgat Tongue Paint Lollipops,
Vigo,,1,,Vigo Snow Ball White Chocolate 300 g,
Space,,1,,Space Chupi Lollipop (20 Units),
Leetak,,1,,Leetak Kreetenes Almond Toffee 100 g,
Juice,,1,,Juice Dip Candy Strawberry 20g,
Gremmers,,1,,Gremmers Mega Sour Gum 14 g,
Push,,1,,Push Pop Candy Strawberry Flavour 15 g,
Exira,,1,,Exira Strawberry Wafer 32 g,
PRAN Jhal,,1,,PRAN Jhal Muri 50 g,
Kifco,,1,,Kifco Plain Rusks 385g,
Garlic,,1,,Garlic Mixture – 100 g,
PRAN Chanachur,,1,,PRAN Chanachur Bombay Mix 50 g,
Original,,1,,Original Oreo – 36.8 g,
Windmill,,1,,Windmill Lollipop,
Diploko,,1,,Diploko Roll 18 g,
Weirds,,1,,Weirds Tangy Candy Blue Raspberry & Strawberry 15 g,
Funti,,1,,Funti,
Tupi,,1,,Tupi Raspberry & Blackberry 16 g,
Saray,,1,,Saray Cikonella – Hazelnut Paste with Cocoa,
Trinketto,,1,,Trinketto 70 ml,
Twist,,1,,Twist Stick Mallow 12 g,
Pistachio,,1,,Pistachio Kunafa Chocolate 100g,
Candy,,1,,Candy Choco Belight 34g,
Zombie,,1,,Zombie Blueberry 6g,
Hiss,,1,,Hiss Crispy Wafer,
Halley,,1,,Halley Milk Chocolate 26g,
Choki,,1,,Choki Choki Choco Cashew 27g,
Tazzy,,1,,Tazzy Mini Licorice Strawberry 25g,
Mallow,,1,,Mallow Iam Filled Mallows 20g,
Funny,,1,,Funny Faces Chewy Candy 39g,
Jellopy,,1,,Jellopy Rainbow Licorice 20g,
Scary,,1,,Scary Eyes Chewy Candy 39g,
Marshmallow,,1,,Marshmallow Flower 15g,
Bebeto,,1,,Bebeto Cobra X Jelly Gum 30g,
Jelly,,1,,Jelly Cola 20g,
Color,,1,,Color Bubble Pencil 12g,
Narshmallow,,1,,Narshmallow 13g,
Twin,,1,,Twin Burger 14g,
Smarties,,1,,Smarties 38g,
Potato,,1,,Potato Ripples Crunch Cheese 15g,
Dubai,,1,,Dubai Chocolate Pistachio with Kunafa 27g,
Boundry,,1,,Boundry Wafer Rolls,
Godiva,,1,,Godiva Belgium 1926 Double Chocolate Bar 35 gm,
Spark,,1,,Spark 18 gm,
Kiokpop,,1,,Kiokpop Candy Orange 5G,
Sando,,1,,Sando Italian Recipe Chocolate Wafer 32 GM,
Flake,,1,,Flake 32 GM,
Astor,,1,,Astor Mini Stick 20 GM,
Maltesers,,1,,Maltesers 37 GM,
Date,,1,,Date & Almond Bar Granio Milk Chocolate 40 GM,
Sohar,,1,,Sohar Chips 22 g,
Mazoon,,1,,Mazoon Snack 20g,
Wrigley’s,,1,,Wrigley’s Doublemint Chewing Gum 5 Sticks,
Crispy,,1,,Crispy Potato Chips Mexican Chilli 75g,
Forno,,1,,FORNO Authentic Cheese 40g,
Raffaello,,1,,Raffaello Chocolate 30g,
Tofi,,1,,Tofi Luk Chocolate Bar 33g,
Konak,,1,,Konak Hoop Dubai Wafer Balls Pistachio Kunafa 27g,
Oman,,1,,OMAN Chips Chilli Flavor 15g,
Mixed,,1,,Mixed Minis Chocolate Pack 400g × 2,
Baskin,,1,,Baskin Robbins Almond ’n Caramel Ice Cream Bar 90ml,
Feloudeh,,1,,Feloudeh Lemon Water Ice 70ml,
Donut,,1,,Donut Strawberry Ice Cream 85ml,
Spiner,,1,,Spiner Ice Cream 170ml,
Melon,,1,,Melon Water Ice 70g,
Twistee,,1,,Twistee Strawberry & Lemon Water Ice Cream 65g,
Muncho,,1,,Muncho Almond Semi Ice Milk 120ml,
Maharaj,,1,,Maharaj Kulfi Semi Ice Milk 80g,
Semi-Ice,,1,,Semi-Ice Milk Vanilla 44g,
KitKat,,1,,KitKat Ice Cream 90ml,
Bonetto,,1,,Bonetto Vanilla Ice Cream,
Penguin,,1,,Penguin Vanilla Ice Cream,
Plombir,,1,,Plombir Vanilla Ice Cream 15%,
Cookies,,1,,Cookies & Cream Ice Cream 75g,
Balou,,1,,Balou Balou Vanilla Ice Cream 69g,
Cappuccino,,1,,Cappuccino Vanilla Ice Cream,
Semi,,1,,Semi Ice Milk with Cotton Candy,
Bamboo,,1,,Bamboo Strawberry Push Up,
Orange,,1,,Orange Push Up (Saudia),
Cola,,1,,Cola PushUp (Saudia),
Lemon,,1,,Lemon Mint Ice Lolly,
Saudi,,1,,Saudi Mango Stick,
Sandwich,,1,,Sandwich Coffee Ice Cream (Saudi),
Kulfi,,1,,Kulfi Stick Ice Cream (Saudi),
Canada,,1,,Canada Dry Club Soda 330ml,
Spring,,1,,Spring Water 250ml,
Thums,,1,,Thums Up 330ml,
Non-Alcoholic,,1,,Non-Alcoholic Malt Beverage Effs Original 330ml,
Naba,,1,,Naba Coconut Water with Pulp 330ml,
Pran Mango,,1,,Pran Mango Fruit Drink 250ml,
Shaheem,,1,,Shaheem Energy Drink 250ml,
Monster,,1,,Monster Energy Drink 250ml,
Speed,,1,,Speed Energy Drink 250ml,
Code,,1,,Code Red Energy Drink 250ml,
Boom,,1,,Boom Boom Energy Drink 250ml,
Oronamin,,1,,Oronamin C Drink 120ml,
Walkers,,1,,Walkers Vitamin Drink 150ml,
Flash,,1,,Flash Carbonated Soft Drink 250ml,
Perrier,,1,,Perrier Natural Sparkling Water 200ml,
Evervess,,1,,Evervess Club Soda 330ml,
Mizo,,1,,Mizo Orange & Carrot Drink 1.35 Litre,
Oshee,,1,,Oshee Isotonic Drink 750ml,
Fruitoo,,1,,Fruitoo Original Taste Berries Mixed Flavour 1 Litre,
Royal Tiger,,1,,Royal Tiger Energy Drink 250ml,
Shami,,1,,Shami Strawberry Drink 200 ml,
Pran Litchi,,1,,Pran Litchi Drink 250 ml,
High,,1,,High Speed Drink 250 ml,
Best,,1,,Best Apple Drink 250ml,
Guava,,1,,Guava Nectar (Contains 35% Juice) 250 ml,
Pran Basil,,1,,Pran Basil Seed Lychee 250 ml,
Arwa,,1,,Arwa Water 12pcs,
Al Mudhish,,20,AL MUDHISH | Al Moudhish | Al Mudhish | Al Mudish,Al Mudhish Potato Chips Ready Salted 15g,REVIEW
Lays,,18,LAYS | Lay’s,LAYS Original Taste 155g,REVIEW
Snickers,,17,SNICKERS | Snickers,Snickers Miniatures 150g,REVIEW
Galaxy,,17,GALAXY | Galaxy,Galaxy Ripple 30g,REVIEW
Ülker,,16,Ulker | Ülker,Ülker Coffee Biscuit 58 g,REVIEW
Brain,,15,,Brain Blasterz Candy Spray Apple Flavour 28 ml,REVIEW
Dandy,,14,DANDY | Dandy,Dandy Stack Up Ice Cream 80ml,REVIEW
Cheetos,,13,CHEETOS | Cheetos,Cheetos Flamin’ Hot Crunchy Cheese Flavour Snacks,REVIEW
Double,,11,,Double Dares Jelly Bean Game Cup,REVIEW
Nice,,10,,Nice Lightly Salted Natural Potato Chips 80 g,REVIEW
Doritos,,10,DORITOS | Doritos,Doritos Spicy Sweet Chili Flavoured,REVIEW
Ice,,9,ICE | Ice,Ice Cream Jam Filled Mallow 100 g,REVIEW
Star,,9,,Star Fries Malabar Murukku – 125g,REVIEW
Igloo,,9,IGLOO | Igloo,Igloo Vanilla Sandwich Evens 55g,REVIEW
Rayyan,,7,RAYYAN | Rayyan,Rayyan 40 Years Together 250ml,REVIEW
7Up,,5,7UP | 7Up,7UP Lemon & Lime Bubbly 2.25L,REVIEW
M&M's,,4,M&M's | M&M’s,M&M's Minis 30.6g,REVIEW
Albadia,,3,ALBADIA | Albadia,Albadia Potato Chips Chilli 16g,REVIEW
Xtreme,,3,X-Treme | Xtreme,X-Treme Sour Candy 18 GM,REVIEW
Screamers,,3,Screamers | Screamerz,Screamers Megasaur Gum,REVIEW
Alvita,,3,Alvita | Avita,Alvita Orange Wafer,REVIEW
Minis,,3,Mini | Minis,Minis 20 Mixed – 400 gm,REVIEW
Fonnzies,,3,Fonnzies | Fonzies,Fonnzies BBQ Curry Best Flavoured Corn Snacks 24g,REVIEW
Milk,,3,Milk | Milki | Milky,Milk Flavour Chews Rich and Creamy Gelatin Free,REVIEW
Big,,2,,Big Baby Pop Candy 32 g,REVIEW
Mars,,2,MARS | Mars,MARS Chocolate Bar 51g,REVIEW
Bubble,,2,Bubble | Bubbles,Bubble Gum Strawberry 18 g,REVIEW
fruits,,2,Fruit | fruits,fruits Roll Grape Flavour 12 g,REVIEW
Confetteria,,2,Confetteria | Contetteria,Confetteria Raffaello 30 GM,REVIEW
Pop,,1,,Pop Plier Candy Toy,REVIEW
Fun,,1,,Fun Basketball Candy Toy,REVIEW
Gum,,1,,Gum Powder Explosively Sour Bubblegum 35g,REVIEW
Cc,,1,,CC Stick Crazy Birds Mix Fruit 11g,REVIEW
Hot,,1,,Hot Dog with Candy Mustard 15 ML,REVIEW
Dr,,1,,Dr Puffs Hot Cheese 18g,REVIEW
Ion,,1,,Ion Supply Drink Pocari Sweat 300ml,REVIEW
