guess_brand,BRAND_CONFIRM,Title,Type,Status,Handle
7Up,,7Up 150ml,Carbonated Soft Drinks,active,7up-150ml
7Up,,7Up 330ml,Carbonated Soft Drinks,active,7up-330ml
7UP,,7UP Lemon & Lime Bubbly 2.25L,Carbonated Soft Drinks,active,7up-lemon-lime-bubbly-2-25l
7UP,,7UP Lemon & Lime Taste 1.25L,Carbonated Soft Drinks,active,7up-lemon-lime-taste-1-25l
7UP,,7UP Refreshing Lemon 150ml,Carbonated Soft Drinks,active,7up-refreshing-lemon-150ml
ABC,,ABC Cheese 12 g,Chips & Crisps,active,abc-cheese-12-g
ABC,,ABC Ketchup 12 g,Chips & Crisps,active,abc-ketchup-12-g
ABC,,ABC Salt & Vinegar Chips 80g,Chips & Crisps,active,abc-salt-vinegar-chips-80g
Airlist,,Airlist Fruit Chews – 32 g,Gums,active,airlist-fruit-chews-32-g
Airlist,,Airlist Mint Chews – 32 g,Gums,active,airlist-mint-chews-32-g
Airwaves,,Airwaves Chewing Gum 14g,Gums,active,airwaves-chewing-gum-14g
Airwaves,,Airwaves Chewing Gum 40 pcs,Gums,active,airwaves-chewing-gum-40-pcs
Airwaves,,Airwaves Chewing Gum 46 pcs,Gums,active,airwaves-chewing-gum-46-pcs
Al Batal,,Al Batal Cheese Flavour 110g,Chips & Crisps,active,al-batal-cheese-flavour-110g
Al Batal,,Al Batal Ketchup Flavour 110g,Chips & Crisps,active,al-batal-ketchup-flavour-110g
Al Batal,,Al Batal Popcorn Chilli Flavour 14g,Chips & Crisps,active,al-batal-popcorn-chilli-flavour-14g
Al Batal,,Al Batal Potato Chips Cheese Flavour 12g,Chips & Crisps,active,al-batal-potato-chips-cheese-flavour-12g
Al Batal,,Al Batal Potato Chips Ketchup Flavour 12g,Chips & Crisps,active,al-batal-potato-chips-ketchup-flavour-12g
Al Batal,,Al Batal Potato Chips Salt Flavour 12g,Chips & Crisps,active,al-batal-potato-chips-salt-flavour-12g
Al Batal,,Al Batal Salt & Vinegar Flavour 110g,Chips & Crisps,active,al-batal-salt-vinegar-flavour-110g
Al Batal,,Al Batal Salt & Vinegar Potato Chips 12g,Chips & Crisps,active,al-batal-salt-vinegar-potato-chips-12g
Al Moudhish,,Al Moudhish Potato Chips 75g,Chips & Crisps,active,al-moudhish-potato-chips-75g
Al Moudhish,,Al Moudhish Potato Chips Ready Salted 75g,Chips & Crisps,active,al-moudhish-potato-chips-ready-salted-75g
Al Mudhish,,Al Mudhish Natural Potato Sticks 75g,Chips & Crisps,active,al-mudhish-natural-potato-sticks-75g
Al Mudhish,,Al Mudhish Potato Chips 15g,Chips & Crisps,active,al-mudhish-potato-chips-15g
Al Mudhish,,Al Mudhish Potato Chips Ready Salted 15g,Chips & Crisps,active,al-mudhish-potato-chips-ready-salted-15g
Al Mudhish,,Al Mudhish Potato Chips Ripples Crunch Sour Cream & Onion Flavour 15 g,Chips & Crisps,active,al-mudhish-potato-chips-ripples-crunch-sour-cream-onion-flavour-15-g
Al Mudhish,,Al Mudhish Potato Chips Ripples Sour Cream & Onion 15g,Chips & Crisps,active,al-mudhish-potato-chips-ripples-sour-cream-onion-15g
AL Mudhish,,AL MUDHISH Potato Chips Salt & Vinegar 15g,Chips & Crisps,active,al-mudhish-potato-chips-salt-vinegar-15g
AL Mudhish,,AL MUDHISH Potato Chips Salted 15g,Chips & Crisps,active,al-mudhish-potato-chips-salted-15g
Al Mudhish,,Al Mudhish Potato Rings – Salsa Flavour 15 g,Chips & Crisps,active,al-mudhish-potato-rings-salsa-flavour-15-g
Al Mudhish,,Al Mudhish Potato Ripples Crunch Sour Cream & Onion Flavour 75g,Chips & Crisps,active,al-mudhish-potato-ripples-crunch-sour-cream-onion-flavour-75g
AL Mudhish,,AL MUDHISH Potato Ripples Crunchy Cheese 15g,Chips & Crisps,active,al-mudhish-potato-ripples-crunchy-cheese-15g
AL Mudhish,,AL MUDHISH Potato Ripples Crunchy Chilli 15g,Chips & Crisps,active,al-mudhish-potato-ripples-crunchy-chilli-15g
AL Mudhish,,AL MUDHISH Potato Ripples Sour Cream & Onion 15g,Chips & Crisps,active,al-mudhish-potato-ripples-sour-cream-onion-15g
AL Mudhish,,AL MUDHISH Rings Salsa Crunchy Potato 15g,Chips & Crisps,active,al-mudhish-rings-salsa-crunchy-potato-15g
Al Mudhish,,Al Mudhish Ripple Chilli Chips 75g,Chips & Crisps,active,al-mudhish-ripple-chilli-chips-75g
AL Mudhish,,AL MUDHISH Ripples Cheese Potato Chips 75g,Chips & Crisps,active,al-mudhish-ripples-cheese-potato-chips-75g
Al Mudhish,,Al Mudhish Ripples Chips 15g,Chips & Crisps,active,al-mudhish-ripples-chips-15g
AL Mudhish,,AL MUDHISH Salt & Vinegar Potato Chips 75g,Chips & Crisps,active,al-mudhish-salt-vinegar-potato-chips-75g
Al Mudish,,Al Mudish Tortilla Chips – Pizza Flavour 20 g,Chips & Crisps,active,al-mudish-tortilla-chips-pizza-flavour-20-g
Al Rabie,,Al Rabie Original Orange Drink 200ml,Juices & Fruit Drinks,active,al-rabie-original-orange-drink-200ml
Al Rabie,,Al Rabie Original Orange Drink 250ml,Juices & Fruit Drinks,active,al-rabie-original-orange-drink-250ml
Al Rifai,,Al Rifai French Coffee 250 gm,Coffee & Coffee Drinks,draft,al-rifai-french-coffee-250-gm
Al Rifai,,Al Rifai French Coffee Hazelnut Flavour 250 ml,Coffee & Coffee Drinks,draft,al-rifai-french-coffee-hazelnut-flavour-250-ml
Al Rifai,,Al Rifai Turkish Coffee with Cardamom 250 gm,Coffee & Coffee Drinks,draft,al-rifai-turkish-coffee-with-cardamom-250-gm
Albadia,,ALBADIA Corn Cones Cheese 16g,Chips & Crisps,active,albadia-corn-cones-cheese-16g
Albadia,,Albadia Potato Chips 16g,Chips & Crisps,active,albadia-potato-chips-16g
Albadia,,Albadia Potato Chips Chilli 16g,Chips & Crisps,active,albadia-potato-chips-chilli-16g
Almarai,,Almarai Lemon & Mint Juice 200ml,Juices & Fruit Drinks,active,almarai-lemon-mint-juice-200ml
Almarai,,Almarai Mango Juice 200ml,Juices & Fruit Drinks,active,almarai-mango-juice-200ml
Almarai,,Almarai Mango Nectar 1.4L,Juices & Fruit Drinks,draft,almarai-mango-nectar-1-4l
Almarai,,Almarai Mixed Apple Juice 200ml,Juices & Fruit Drinks,active,almarai-mixed-apple-juice-200ml
Almarai,,Almarai Mixed Berry Juice 200ml,Juices & Fruit Drinks,active,almarai-mixed-berry-juice-200ml
Almarai,,Almarai Mixed Berry Nectar 1.4L,Juices & Fruit Drinks,draft,almarai-mixed-berry-nectar-1-4l
Almarai,,Almarai Mixed Fruit Juice 200ml,Juices & Fruit Drinks,active,almarai-mixed-fruit-juice-200ml
Almarai,,Almarai Mixed Fruit Nectar 1.4L,Juices & Fruit Drinks,draft,almarai-mixed-fruit-nectar-1-4l
Almarai,,Almarai Mixed Orange Juice 200ml,Juices & Fruit Drinks,active,almarai-mixed-orange-juice-200ml
Alvita,,Alvita Banana Wafer,Chocolates,active,alvita-banana-wafer
Alvita,,Alvita Orange Wafer,Chocolates,active,alvita-orange-wafer
Amwaj,,Amwaj Mineral Water 1.5L x 6,Water,active,amwaj-mineral-water-1-5l-x-6
Amwaj,,Amwaj Mineral Water 330ml x 30,Water,active,amwaj-mineral-water-330ml-x-30
Anquria,,Anquria Melon Ice Cream 70ml,Ice Cream,active,anquria-melon-ice-cream-70ml
Anquria,,Anquria Watermelon Ice Cream 70ml,Ice Cream,active,anquria-watermelon-ice-cream-70ml
Apple,,Apple Fruity Ice,Ice Cream,draft,apple-fruity-ice
Arwa,,Arwa Water 12pcs,Water,active,arwa-water-12pcs
Astor,,Astor Mini Stick 20 GM,Chocolates,active,astor-mini-stick-20-gm
Avita,,Avita Strawberry Wafe 23 g,Chocolates,active,avita-strawberry-wafe-23-g
Baladna,,Baladna Apple Nectar 1.5L,Juices & Fruit Drinks,draft,baladna-apple-nectar-1-5l
Baladna,,Baladna Apple Nectar Refreshing Delight 200ml,Juices & Fruit Drinks,draft,baladna-apple-nectar-refreshing-delight-200ml
Baladna,,Baladna Lemon & Mint Drink 1.5L,Juices & Fruit Drinks,draft,baladna-lemon-mint-drink-1-5l
Baladna,,Baladna Mango Nectar Tropical Indulgence 200ml,Juices & Fruit Drinks,draft,baladna-mango-nectar-tropical-indulgence-200ml
Baladna,,Baladna Orange Nectar 1.5L,Juices & Fruit Drinks,draft,baladna-orange-nectar-1-5l
Baladna,,Baladna Orange Nectar Refreshing Delight 200ml,Juices & Fruit Drinks,draft,baladna-orange-nectar-refreshing-delight-200ml
Balaji,,Balaji Chataka Pataka Spicy Rice & Corn Snacks 75g,Chips & Crisps,active,balaji-chataka-pataka-spicy-rice-corn-snacks-75g
Balaji,,Balaji Crunchem Simply Salted 155g,Chips & Crisps,active,balaji-crunchem-simply-salted-155g
Balaji,,Balaji Wafers Chataka Pataka Chilli Flavour 65g,Chips & Crisps,active,balaji-wafers-chataka-pataka-chilli-flavour-65g
Balaji,,Balaji Wafers Chataka Pataka Tomato Flavour 65g,Chips & Crisps,active,balaji-wafers-chataka-pataka-tomato-flavour-65g
Balaji,,Balaji Wafers Crunchem Chaat Chaska 135g,Chips & Crisps,active,balaji-wafers-crunchem-chaat-chaska-135g
Balou,,Balou Balou Vanilla Ice Cream 69g,Ice Cream,active,balou-balou-vanilla-ice-cream-69g
Bamboo,,Bamboo Strawberry Push Up,Ice Cream,active,bamboo-strawberry-push-up
Barakat,,Barakat Juice Pop Beetroot Berry 50ml,Ice Cream,active,barakat-juice-pop-beetroot-berry-50ml
Barakat,,Barakat Juice Pop Mango Passion 50ml,Ice Cream,active,barakat-juice-pop-mango-passion-50ml
Barakat,,Barakat Juice Pop Orange 50ml,Ice Cream,active,barakat-juice-pop-orange-50ml
Barakat,,Barakat Juice Pop Strawberry Banana 50ml,Ice Cream,active,barakat-juice-pop-strawberry-banana-50ml
Barbican,,Barbican Apple Flavour 250ml,Carbonated Soft Drinks,active,barbican-apple-flavour-250ml
Barbican,,Barbican Apple Flavour 330ml,Carbonated Soft Drinks,active,barbican-apple-flavour-330ml
Barbican,,Barbican Classic Malt 250ml,Carbonated Soft Drinks,active,barbican-classic-malt-250ml
Barbican,,Barbican English Flavour 330ml,Carbonated Soft Drinks,active,barbican-english-flavour-330ml
Barbican,,Barbican Peach Flavour 330ml,Carbonated Soft Drinks,active,barbican-peach-flavour-330ml
Barbican,,Barbican Pineapple Flavour 330ml,Carbonated Soft Drinks,active,barbican-pineapple-flavour-330ml
Barbican,,Barbican Pomegranate Flavour 250ml,Carbonated Soft Drinks,active,barbican-pomegranate-flavour-250ml
Barbican,,Barbican Pomegranate Flavour 330ml,Carbonated Soft Drinks,active,barbican-pomegranate-flavour-330ml
Barbican,,Barbican Strawberry Flavour 250ml,Carbonated Soft Drinks,active,barbican-strawberry-flavour-250ml
Barbican,,Barbican Strawberry Flavour 330ml,Carbonated Soft Drinks,active,barbican-strawberry-flavour-330ml
Baskin,,Baskin Robbins Almond ’n Caramel Ice Cream Bar 90ml,Ice Cream,active,baskin-robbins-almond-n-caramel-ice-cream-bar-90ml
Batatos,,Batatos Classic 15g,Chips & Crisps,active,batatos-classic-15g
Batatos,,Batatos Classic Salted 167g,Chips & Crisps,active,batatos-classic-salted-167g
Batatos,,Batatos Salt 167g,Chips & Crisps,active,batatos-salt-167g
Batatos,,Batatos Smokey BBQ 15 g,Chips & Crisps,active,batatos-smokey-bbq-15-g
Batatos,,Batatos Smokey BBQ 15g,Chips & Crisps,active,batatos-smokey-bbq-15g
Batatos,,Batatos Smoky BBQ 167g,Chips & Crisps,active,batatos-smoky-bbq-167g
Batatos,,Batatos Spicy 15g,Chips & Crisps,active,batatos-spicy-15g
Batatos,,Batatos Spicy Flavour 167g,Chips & Crisps,active,batatos-spicy-flavour-167g
Batatos,,Batatos Tangy Ketchup 15g,Chips & Crisps,active,batatos-tangy-ketchup-15g
Batatos,,Batatos Tangy Ketchup 167g,Chips & Crisps,active,batatos-tangy-ketchup-167g
Batatos,,Batatos Wisconsin Cheddar 15g,Chips & Crisps,active,batatos-wisconsin-cheddar-15g
Batatos,,Batatos Wisconsin Cheddar 167g,Chips & Crisps,active,batatos-wisconsin-cheddar-167g
Bebeto,,Bebeto Cobra X Jelly Gum 30g,Candy,active,bebeto-cobra-x-jelly-gum-30g
Best,,Best Apple Drink 250ml,Juices & Fruit Drinks,active,best-apple-drink-250ml
Big,,Big 4 in 1 Ice Cream 64g,Ice Cream,active,big-4-in-1-ice-cream-64g
Big,,Big Baby Pop Candy 32 g,Candy,active,big-baby-pop-candy-32-g
Biscuit,,Biscuit Cream Butter Croissant 80g,Bakery & Pastries,active,biscuit-cream-butter-croissant-80g
Bliss,,Bliss Hummus Chips Original 135g,Chips & Crisps,active,bliss-hummus-chips-original-135g
Bliss,,Bliss Veggie Chips Original 135g,Chips & Crisps,active,bliss-veggie-chips-original-135g
Bliss,,Bliss Veggie Straws Original 135g,Chips & Crisps,active,bliss-veggie-straws-original-135g
Bliss,,Bliss Veggie Straws Original 27 g,Chips & Crisps,draft,bliss-veggie-straws-original-27-g
Bonetto,,Bonetto Vanilla Ice Cream,Ice Cream,active,bonetto-vanilla-ice-cream
Boom,,Boom Boom Energy Drink 250ml,Energy & Sports Drinks,active,boom-boom-energy-drink-250ml
Borgat,,Borgat Tongue Paint Lollipops,Candy,active,borgat-tongue-paint-lollipops
Boundry,,Boundry Wafer Rolls,Biscuits & Wafers,active,boundry-wafer-rolls
Bounty,,Bounty 50 gm,Chocolates,active,bounty-50-gm
Bounty,,Bounty Ice Cream 50g,Ice Cream,active,bounty-ice-cream-50g
Bounty,,Bounty Miniatures 150g,Chocolates,active,bounty-miniatures-150g
BR,,BR Baskin-Robbins Cotton Candy 120ml,Ice Cream,active,br-baskin-robbins-cotton-candy-120ml
BR,,BR Baskin-Robbins Pralines ’n Cream 120ml,Ice Cream,active,br-baskin-robbins-pralines-n-cream-120ml
Brain Bitz,,Brain Bitz Chew Bar Apple Flavour (20 g),Candy,active,brain-bitz-chew-bar-apple-flavour-20-g
Brain Bitz,,Brain Bitz Chew Bar Watermelon 20g,Candy,active,brain-bitz-chew-bar-watermelon-20g
Brain Blasters,,Brain Blasters 45g,Candy,active,brain-blasters-45g
Brain Blasters,,Brain Blasters Sour Candy 45g,Candy,active,brain-blasters-sour-candy-45g
Brain Blasterz,,Brain Blasterz Apple Flavour Brain Gunk 28 ML,Candy,active,brain-blasterz-apple-flavour-brain-gunk-28-ml
Brain Blasterz,,Brain Blasterz Candy Spray Apple Flavour 28 ml,Candy,active,brain-blasterz-candy-spray-apple-flavour-28-ml
Brain Blasterz,,Brain Blasterz Sour Candy Brain Bitz 45,Candy,active,brain-blasterz-sour-candy-brain-bitz-45
Brain Blasterz,,Brain Blasterz Sour Candy Brain Breakerz45 g,Candy,active,brain-blasterz-sour-candy-brain-breakerz45-g
Brain Blasterz,,Brain Blasterz Sour Powder (Strawberry Flavour) 10 g,Candy,active,brain-blasterz-sour-powder-strawberry-flavour-10-g
Brain Blasterz,,Brain Blasterz Sour Powder 10 g,Candy,active,brain-blasterz-sour-powder-10-g
Brain Blasterz,,Brain Blasterz Sour Powder with Lolly Dipper 10 GM,Candy,active,brain-blasterz-sour-powder-with-lolly-dipper-10-gm
Brain Blasterz,,Brain Blasterz Sour Scales – 45 g,Candy,active,brain-blasterz-sour-scales-45-g
Brain Blasterz,,Brain Blasterz Strawberry – 28 g,Candy,active,brain-blasterz-strawberry-28-g
Brain Blasterz,,Brain Blasterz Super Sour Berry Candy 48,Candy,active,brain-blasterz-super-sour-berry-candy-48
Brain Blasterz,,Brain Blasterz Super Sour Candy 48,Candy,active,brain-blasterz-super-sour-candy-48
Britannia,,Britannia 50-50 Sweet & Salty Biscuits 71 g,Biscuits,draft,britannia-50-50-sweet-salty-biscuits-71-g
Bubble,,Bubble Gum Strawberry 18 g,Candy,active,bubble-gum-strawberry-18-g
Bubbles,,Bubbles Squeeze 40g,Candy,active,bubbles-squeeze-40g
Bugles,,Bugles Algerian Sauce Flavour 65g,Chips & Crisps,active,bugles-algerian-sauce-flavour-65g
Bugles,,Bugles Chilli Cheese 65g,Chips & Crisps,active,bugles-chilli-cheese-65g
Cadbury,,Cadbury Dairy Milk Bubbly Milk Chocolate 28g,Chocolates,active,cadbury-dairy-milk-bubbly-milk-chocolate-28g
Cadbury,,Cadbury Dairy Milk Fruit & Nut Chocolate Bar 32g,Chocolates,active,cadbury-dairy-milk-fruit-nut-chocolate-bar-32g
Cadbury,,Cadbury Dairy Milk Hazelnut Chocolate Bar 32g,Chocolates,active,cadbury-dairy-milk-hazelnut-chocolate-bar-32g
Cadbury,,Cadbury Dairy Milk Ice Cream 90ml,Ice Cream,active,cadbury-dairy-milk-ice-cream-90ml
Cadbury,,Cadbury Dairy Milk Oreo 95g,Chocolates,active,cadbury-dairy-milk-oreo-95g
Cadbury,,Cadbury Flake Minis Chocolate 28g,Chocolates,active,cadbury-flake-minis-chocolate-28g
Cadbury,,Cadbury Time Out Crunch Wafer 28g,Chocolates,active,cadbury-time-out-crunch-wafer-28g
Camel,,Camel Green Peas (36 g),Nuts & Seeds,active,camel-green-peas-36-g
Camel,,Camel Mixed Snacks (36 g),Nuts & Seeds,active,camel-mixed-snacks-36-g
Camel,,Camel Natural Baked Almonds (36 g),Nuts & Seeds,active,camel-natural-baked-almonds-36-g
Camel,,Camel Natural Smoked Almonds (36 g),Nuts & Seeds,active,camel-natural-smoked-almonds-36-g
Camel,,Camel Roasted Peanuts (36 g),Nuts & Seeds,active,camel-roasted-peanuts-36-g
Canada,,Canada Dry Club Soda 330ml,Carbonated Soft Drinks,active,canada-dry-club-soda-330ml
Candy,,Candy Choco Belight 34g,Chocolates,active,candy-choco-belight-34g
Cappuccino,,Cappuccino Vanilla Ice Cream,Ice Cream,active,cappuccino-vanilla-ice-cream
Capri-Sun,,Capri-Sun Mango 200ml,Juices & Fruit Drinks,active,capri-sun-mango-200ml
Capri-Sun,,Capri-Sun Mixed Fruit 200ml,Juices & Fruit Drinks,active,capri-sun-mixed-fruit-200ml
Cats,,Cats Pop 35 g,Candy,active,cats-pop-35-g
Cats,,Cats Pop Candy Toy,Candy,active,cats-pop-candy-toy
CC,,CC Stick Crazy Birds Mix Fruit 11g,Candy,active,cc-stick-crazy-birds-mix-fruit-11g
Cheetos,,Cheetos Cheddar Jalapeño Crunchy 226.6g,Chips & Crisps,active,cheetos-cheddar-jalape-o-crunchy-226-6g
Cheetos,,Cheetos Crunchy 35.4g,Chips & Crisps,active,cheetos-crunchy-35-4g
Cheetos,,Cheetos Crunchy 99.2g,Chips & Crisps,active,cheetos-crunchy-99-2g
Cheetos,,CHEETOS Crunchy Cheese 190g,Chips & Crisps,active,cheetos-crunchy-cheese-190g
Cheetos,,Cheetos Crunchy Flamin’ Hot 110g,Chips & Crisps,active,cheetos-crunchy-flamin-hot-110g
Cheetos,,Cheetos Flamin’ Hot 40g,Chips & Crisps,active,cheetos-flamin-hot-40g
Cheetos,,Cheetos Flamin’ Hot 50g,Chips & Crisps,active,cheetos-flamin-hot-50g
Cheetos,,Cheetos Flamin’ Hot Crunchy 25g,Chips & Crisps,active,cheetos-flamin-hot-crunchy-25g
Cheetos,,Cheetos Flamin’ Hot Crunchy 99.2g,Chips & Crisps,active,cheetos-flamin-hot-crunchy-99-2g
Cheetos,,Cheetos Flamin’ Hot Crunchy Cheese Flavour Snacks,Chips & Crisps,draft,cheetos-flamin-hot-crunchy-cheese-flavour-snacks
Cheetos,,Cheetos Flamin’ Hot Crunchy Export 226.8g,Chips & Crisps,active,cheetos-flamin-hot-crunchy-export-226-8g
Cheetos,,Cheetos Flamin’ Hot Crunchy Export 35.4g,Chips & Crisps,active,cheetos-flamin-hot-crunchy-export-35-4g
Cheetos,,Cheetos Flamin’ Hot Crunchy Lime 50g,Chips & Crisps,active,cheetos-flamin-hot-crunchy-lime-50g
Chilli,,Chilli Out Fire Fingers Spicy Chicken 60 g,Chips & Crisps,active,chilli-out-fire-fingers-spicy-chicken-60-g
Chilli,,Chilli Out Fire Fingers Spicy Honey 60g,Chips & Crisps,active,chilli-out-fire-fingers-spicy-honey-60g
Chilli,,Chilli Out Fire Fingers Spicy Lemon 60g,Chips & Crisps,active,chilli-out-fire-fingers-spicy-lemon-60g
Chilli,,Chilli Out Fire Fingers Spicy Masala 60g,Chips & Crisps,active,chilli-out-fire-fingers-spicy-masala-60g
Chilli,,Chilli Out Fire Fingers Spicy Shrimp 60 g,Chips & Crisps,active,chilli-out-fire-fingers-spicy-shrimp-60-g
Chips,,Chips Oman Chili Flavour 100 g,Chips & Crisps,active,chips-oman-chili-flavour-100-g
Chips,,Chips Oman Chili Flavour 15 g,Chips & Crisps,active,chips-oman-chili-flavour-15-g
Chips,,Chips Oman Chilli Flavour Potato Chips – 137 g,Chips & Crisps,active,chips-oman-chilli-flavour-potato-chips-137-g
Chips,,Chips Oman Potato Chips Chilli Flavour – 40 g,Chips & Crisps,active,chips-oman-potato-chips-chilli-flavour-40-g
Chocolate,,Chocolate Cream Oreo – 36.8 g,Chocolates,active,chocolate-cream-oreo-36-8-g
Chocolate,,Chocolate Sandwich Semi Ice Milk,Ice Cream,active,chocolate-sandwich-semi-ice-milk
Chocolate,,Chocolate Semi Ice Milk Covered with Chocolate Coating,Ice Cream,active,chocolate-semi-ice-milk-covered-with-chocolate-coating
Chocolate,,Chocolate Semi Ice Milk with Cone Biscuits,Ice Cream,active,chocolate-semi-ice-milk-with-cone-biscuits
Choki,,Choki Choki Choco Cashew 27g,Candy,active,choki-choki-choco-cashew-27g
Chupa Chups,,Chupa Chups Bites Fruit Flavour 24.2g,Candy,active,chupa-chups-bites-fruit-flavour-24-2g
Chupa Chups,,Chupa Chups Bites Sour Fruit Flavour Gummy Candy 85g,Candy,active,chupa-chups-bites-sour-fruit-flavour-gummy-candy-85g
Chupa Chups,,Chupa Chups Cola Gummy Candy 45g,Candy,active,chupa-chups-cola-gummy-candy-45g
Chupa Chups,,Chupa Chups Cola Soft & Chewy Cola Flavour Gummy Candy 106 g,Candy,active,chupa-chups-cola-soft-chewy-cola-flavour-gummy-candy-106-g
Chupa Chups,,Chupa Chups Cola Soft & Chewy Cola Flavour Gummy Candy 90 g,Candy,active,chupa-chups-cola-soft-chewy-cola-flavour-gummy-candy-90-g
Chupa Chups,,Chupa Chups Crawlers Sour Fruit Flavour Gummy Candy 90 g,Candy,active,chupa-chups-crawlers-sour-fruit-flavour-gummy-candy-90-g
Chupa Chups,,Chupa Chups Gecko Sour Fruit Flavour Gummy Candy 106 g,Candy,active,chupa-chups-gecko-sour-fruit-flavour-gummy-candy-106-g
Chupa Chups,,Chupa Chups Gecko Sour Fruit Flavour Gummy Candy 90 g,Candy,active,chupa-chups-gecko-sour-fruit-flavour-gummy-candy-90-g
Chupa Chups,,Chupa Chups Melody Pops Cola Flavour,Candy,active,chupa-chups-melody-pops-cola-flavour
Chupa Chups,,Chupa Chups Melody Pops Strawberry Flavour,Candy,active,chupa-chups-melody-pops-strawberry-flavour
Chupa Chups,,Chupa Chups Panda Bears Fruit Flavour Gummy Candy 90 g,Candy,active,chupa-chups-panda-bears-fruit-flavour-gummy-candy-90-g
Chupa Chups,,Chupa Chups Pinkis Soft & Chewy Strawberry Flavour Gummy Candy 106 g,Candy,active,chupa-chups-pinkis-soft-chewy-strawberry-flavour-gummy-candy-106-g
Chupa Chups,,Chupa Chups Pinkis Soft & Chewy Strawberry Flavour Gummy Candy 90 g,Candy,active,chupa-chups-pinkis-soft-chewy-strawberry-flavour-gummy-candy-90-g
Chupa Chups,,Chupa Chups Soft and Chewy 10g,Candy,active,chupa-chups-soft-and-chewy-10g
Chupa Chups,,Chupa Chups Soft Bubble Gum Babol Strawberry Flavour 27 GM,Gums,active,chupa-chups-soft-bubble-gum-babol-strawberry-flavour-27-gm
Chupa Chups,,Chupa Chups Soft Bubble Gum Babol Tutti Frutti Flavour 27 GM,Gums,active,chupa-chups-soft-bubble-gum-babol-tutti-frutti-flavour-27-gm
Chupa Chups,,Chupa Chups Sour Assorted Flavour Lollipops 120 g,Candy,active,chupa-chups-sour-assorted-flavour-lollipops-120-g
Chupa Chups,,Chupa Chups Sour Belt Mixed Fruit Flavour Soft and Chewy,Candy,active,chupa-chups-sour-belt-mixed-fruit-flavour-soft-and-chewy
Coca-Cola Light,,Coca-Cola Light 330ml,Carbonated Soft Drinks,active,coca-cola-light-330ml
Coca-Cola Original,,Coca-Cola Original Taste 2.25L,Carbonated Soft Drinks,active,coca-cola-original-taste-2-25l
Coca-Cola Original,,Coca-Cola Original Taste 250ml,Carbonated Soft Drinks,active,coca-cola-original-taste-250ml
Coca-Cola Original,,Coca-Cola Original Taste 330ml,Carbonated Soft Drinks,active,coca-cola-original-taste-330ml
Coca-Cola Original,,Coca-Cola Original Taste 350ml,Carbonated Soft Drinks,active,coca-cola-original-taste-350ml
Coca-Cola Sleek,,Coca-Cola Sleek Can 330ml,Carbonated Soft Drinks,active,coca-cola-sleek-can-330ml
Coca-Cola Zero,,Coca-Cola Zero Calories 1.25L,Carbonated Soft Drinks,active,coca-cola-zero-calories-1-25l
Coca-Cola Zero,,Coca-Cola Zero Sugar 350ml,Carbonated Soft Drinks,active,coca-cola-zero-sugar-350ml
Code,,Code Red Energy Drink 250ml,Energy & Sports Drinks,active,code-red-energy-drink-250ml
Cola,,Cola PushUp (Saudia),Ice Cream,active,cola-pushup-saudia
Color,,Color Bubble Pencil 12g,Candy,active,color-bubble-pencil-12g
Confetteria,,Confetteria Raffaello 30 GM,Chocolates,active,confetteria-raffaello-30-gm
Contetteria,,Contetteria Raffaello Ice Cream 47g,Ice Cream,active,contetteria-raffaello-ice-cream-47g
Cookies,,Cookies & Cream Ice Cream 75g,Ice Cream,active,cookies-cream-ice-cream-75g
Crazy,,Crazy Bottle Pop Apple Candy 25 g,Candy,active,crazy-bottle-pop-apple-candy-25-g
Crazy,,Crazy Brain Pop Blueberry 16g,Candy,active,crazy-brain-pop-blueberry-16g
Crazy,,Crazy Rollz Bubble Gum 12g,Candy,active,crazy-rollz-bubble-gum-12g
Crispy,,Crispy Potato Chips Mexican Chilli 75g,Chips & Crisps,active,crispy-potato-chips-mexican-chilli-75g
Dabur,,Dabur Glucose Orange Flavoured Energy Powder – Vitamin C & Calcium (500g),Energy & Sports Drinks,draft,dabur-glucose-orange-flavoured-energy-powder-vitamin-c-calcium-500g
Dabur,,Dabur Glucose-D Energy Powder – Vitamin D & Calcium (500g),Energy & Sports Drinks,draft,dabur-glucose-d-energy-powder-vitamin-d-calcium-500g
Dairy,,Dairy Fruity Spiral 5g,Ice Cream,active,dairy-fruity-spiral-5g
Dairy,,Dairy Saffron Ice Cream,Ice Cream,active,dairy-saffron-ice-cream
Dairy,,Dairy Sarin Ice Cream 90g,Ice Cream,active,dairy-sarin-ice-cream-90g
Dairy,,Dairy Vanilla Ice Cream Decorated with Chocolate,Ice Cream,active,dairy-vanilla-ice-cream-decorated-with-chocolate
Daity,,Daity Amiral Ice Cream 80g,Ice Cream,active,daity-amiral-ice-cream-80g
Daity,,Daity Amiral with Milk Ice Cream 80ml,Ice Cream,active,daity-amiral-with-milk-ice-cream-80ml
Daity,,Daity Sarin Ice Cream 90ml,Ice Cream,active,daity-sarin-ice-cream-90ml
Dandy,,Dandy 50-50 Ice Cream 100ml,Ice Cream,active,dandy-50-50-ice-cream-100ml-2
Dandy,,DANDY 50-50 Ice Cream 100ml,Ice Cream,active,dandy-50-50-ice-cream-100ml
Dandy,,Dandy Almond Delight Ice Cream 100ml,Ice Cream,active,dandy-almond-delight-ice-cream-100ml-2
Dandy,,DANDY Almond Delight Ice Cream 100ml,Ice Cream,active,dandy-almond-delight-ice-cream-100ml
Dandy,,DANDY Bonbon Ice Cream Tub 238ml,Ice Cream,active,dandy-bonbon-ice-cream-tub-238ml
Dandy,,Dandy Choco Bar Ice Cream 60ml,Ice Cream,draft,dandy-choco-bar-ice-cream-60ml
Dandy,,Dandy Choco Nuts Ice Cream 85ml,Ice Cream,draft,dandy-choco-nuts-ice-cream-85ml
Dandy,,DANDY Ice Cream Sandwich 100ml,Ice Cream,active,dandy-ice-cream-sandwich-100ml
Dandy,,DANDY Peanut Delight Ice Cream 100ml,Ice Cream,draft,dandy-peanut-delight-ice-cream-100ml-2
Dandy,,Dandy Peanut Delight Ice Cream 100ml,Ice Cream,active,dandy-peanut-delight-ice-cream-100ml
Dandy,,Dandy Sandwich Ice Cream 100ml,Ice Cream,active,dandy-sandwich-ice-cream-100ml
Dandy,,Dandy Stack Up Ice Cream 80ml,Ice Cream,draft,dandy-stack-up-ice-cream-80ml
Dandy,,Dandy Swirly Ice Cream 80ml,Ice Cream,active,dandy-swirly-ice-cream-80ml
Dandy,,Dandy Trio Ice Cream 80ml,Ice Cream,active,dandy-trio-ice-cream-80ml
Date,,Date & Almond Bar Granio Milk Chocolate 40 GM,Chocolates,active,date-almond-bar-granio-milk-chocolate-40-gm
Delisimo,,Delisimo Hazelnut Plombir Ice Cream 500g,Ice Cream,draft,delisimo-hazelnut-plombir-ice-cream-500g
Diploko,,Diploko Roll 18 g,Candy,active,diploko-roll-18-g
Donut,,Donut Strawberry Ice Cream 85ml,Ice Cream,active,donut-strawberry-ice-cream-85ml
Doritos,,DORITOS Dinamita Flamin’ Hot 40g,Chips & Crisps,active,doritos-dinamita-flamin-hot-40g
Doritos,,DORITOS Flamin’ Hot 50g,Chips & Crisps,active,doritos-flamin-hot-50g
Doritos,,DORITOS Nacho Cheese,Chips & Crisps,active,doritos-nacho-cheese
Doritos,,DORITOS Nacho Cheese 175g,Chips & Crisps,active,doritos-nacho-cheese-175g
Doritos,,Doritos Spicy Sweet Chili Flavored 92.1g,Chips & Crisps,active,doritos-spicy-sweet-chili-flavored-92-1g
Doritos,,Doritos Spicy Sweet Chili Flavoured,Chips & Crisps,active,doritos-spicy-sweet-chili-flavoured
Doritos,,DORITOS Sweet Chili Pepper,Chips & Crisps,active,doritos-sweet-chili-pepper
Doritos,,DORITOS Sweet Chili Pepper 105g,Chips & Crisps,active,doritos-sweet-chili-pepper-105g
Doritos,,DORITOS Sweet Chili Pepper 175g,Chips & Crisps,active,doritos-sweet-chili-pepper-175g
Doritos,,DORITOS Sweet Chili Pepper 48g,Chips & Crisps,active,doritos-sweet-chili-pepper-48g
Double,,Double Cola 250ml,Carbonated Soft Drinks,active,double-cola-250ml
Double,,Double Dares Jelly Bean Game Cup,Candy,active,double-dares-jelly-bean-game-cup
Double,,Double Up Cola 1 Litre,Carbonated Soft Drinks,active,double-up-cola-1-litre
Double,,Double Up Cola 200 ml,Carbonated Soft Drinks,active,double-up-cola-200-ml
Double,,Double Up Fresh Breeze Mojito 350ml,Carbonated Soft Drinks,active,double-up-fresh-breeze-mojito-350ml
Double,,Double Up Fresh Breeze Red Apple 350ml,Carbonated Soft Drinks,active,double-up-fresh-breeze-red-apple-350ml
Double,,Double Up Lemon 200 ml,Carbonated Soft Drinks,active,double-up-lemon-200-ml
Double,,Double Up Orange 1 Litre,Carbonated Soft Drinks,active,double-up-orange-1-litre
Double,,Double Up Orange 200 ml,Carbonated Soft Drinks,active,double-up-orange-200-ml
Double,,Double Up Red Berries 200 ml,Carbonated Soft Drinks,active,double-up-red-berries-200-ml
Double,,Double Up Soda Water 500 ml,Carbonated Soft Drinks,active,double-up-soda-water-500-ml
Dr,,Dr Puffs Hot Cheese 18g,Chips & Crisps,active,dr-puffs-hot-cheese-18g
Dragos,,Dragos Cheddar Cheese Flavour 25g,Chips & Crisps,active,dragos-cheddar-cheese-flavour-25g
Dragos,,Dragos Flamin’ Lime Flavour 25g,Chips & Crisps,active,dragos-flamin-lime-flavour-25g
Dubai,,Dubai Chocolate Pistachio with Kunafa 27g,Chocolates,active,dubai-chocolate-pistachio-with-kunafa-27g
Duet,,Duet Mango & Vanilla Ice Cream 65ml,Ice Cream,active,duet-mango-vanilla-ice-cream-65ml
Duet,,Duet Raspberry & Vanilla Ice Cream 65ml,Ice Cream,active,duet-raspberry-vanilla-ice-cream-65ml
Erko,,Erko Mallow Plus Fat-Free Ice Cream 100g,Candy,active,erko-mallow-plus-fat-free-ice-cream-100g
Erko,,Erko Mallow World 120g,Candy,active,erko-mallow-world-120g
Erko,,Erko Mallow World Pink & White Mallow 150g,Candy,active,erko-mallow-world-pink-white-mallow-150g
Evervess,,Evervess Club Soda 330ml,Water,active,evervess-club-soda-330ml
Exira,,Exira Strawberry Wafer 32 g,Chocolates,active,exira-strawberry-wafer-32-g
Extra,,Extra Blueberry Flavour 60 pcs,Gums,active,extra-blueberry-flavour-60-pcs
Extra,,Extra Bubblemint Flavour 60 pcs,Gums,active,extra-bubblemint-flavour-60-pcs
Extra,,Extra Bubblemint Flavour Chewing Gum 14g,Gums,active,extra-bubblemint-flavour-chewing-gum-14g
Extra,,Extra Fizz 7UP Zero Sugar 330ml,Carbonated Soft Drinks,active,extra-fizz-7up-zero-sugar-330ml
Extra,,Extra Mega Peppermint Chewing Gum 23 Cubes,Gums,active,extra-mega-peppermint-chewing-gum-23-cubes
Extra,,Extra Mega Spearmint Chewing Gum 23 Cubes,Gums,active,extra-mega-spearmint-chewing-gum-23-cubes
Extra,,Extra Peppermint Flavour Chewing Gum 14g,Gums,active,extra-peppermint-flavour-chewing-gum-14g
Extra,,Extra Peppermint Flavour Sugar Free 60 pcs,Gums,active,extra-peppermint-flavour-sugar-free-60-pcs
Extra,,Extra Refreshers Bubblemint Flavour Sugar Free 30 pcs,Gums,active,extra-refreshers-bubblemint-flavour-sugar-free-30-pcs
Extra,,Extra Refreshers Spearmint Flavour Sugar Free 30 pcs,Gums,active,extra-refreshers-spearmint-flavour-sugar-free-30-pcs
Extra,,Extra Refreshers Spearmint – 15.6 g,Gums,active,extra-refreshers-spearmint-15-6-g
Extra,,Extra Refreshers Strawberry Citrus Sugar Free 30 pcs,Gums,active,extra-refreshers-strawberry-citrus-sugar-free-30-pcs
Extra,,Extra Refreshers Tropical Flavour Sugar Free 30 pcs,Gums,active,extra-refreshers-tropical-flavour-sugar-free-30-pcs
Extra,,Extra Refreshers Watermelon Raspberry Flavour Sugar Free 30 pcs,Gums,active,extra-refreshers-watermelon-raspberry-flavour-sugar-free-30-pcs
Extra,,Extra Spearmint Flavour 60 pcs,Gums,active,extra-spearmint-flavour-60-pcs
Extra,,Extra Spearmint Flavour Chewing Gum 14g,Gums,active,extra-spearmint-flavour-chewing-gum-14g
Extra,,Extra Strawberry Flavour 60 pcs,Gums,active,extra-strawberry-flavour-60-pcs
Extra,,Extra Strawberry Flavour Chewing Gum 14g,Gums,active,extra-strawberry-flavour-chewing-gum-14g
Extra,,Extra Watermelon Flavour 60 pcs,Gums,active,extra-watermelon-flavour-60-pcs
Extra,,Extra Watermelon Flavour Chewing Gum 14g,Gums,active,extra-watermelon-flavour-chewing-gum-14g
Fanta,,Fanta Citrus 330ml,Carbonated Soft Drinks,active,fanta-citrus-330ml
Fanta,,Fanta Orange 330ml,Carbonated Soft Drinks,active,fanta-orange-330ml
Fanta,,Fanta Strawberry 330ml,Carbonated Soft Drinks,active,fanta-strawberry-330ml
Feloudeh,,Feloudeh Lemon Water Ice 70ml,Ice Cream,active,feloudeh-lemon-water-ice-70ml
Ferrero,,Ferrero Rocher 37.5 GM,Chocolates,active,ferrero-rocher-37-5-gm
Ferrero,,Ferrero Rocher Classic Ice Cream 50g,Ice Cream,active,ferrero-rocher-classic-ice-cream-50g
Fizzy,,Fizzy Tubes Sour Fizz Powder 15 g,Candy,active,fizzy-tubes-sour-fizz-powder-15-g
Fizzy,,Fizzy Vimto Blue Raspberry 250ml,Carbonated Soft Drinks,active,fizzy-vimto-blue-raspberry-250ml
Flake,,Flake 32 GM,Chocolates,active,flake-32-gm
Flash,,Flash Carbonated Soft Drink 250ml,Carbonated Soft Drinks,active,flash-carbonated-soft-drink-250ml
Fonnzies,,Fonnzies BBQ Curry Best Flavoured Corn Snacks 24g,Chips & Crisps,active,fonnzies-bbq-curry-best-flavoured-corn-snacks-24g
Fonnzies,,Fonnzies Chickenator Flavoured Corn Snacks 24g,Chips & Crisps,active,fonnzies-chickenator-flavoured-corn-snacks-24g
Fonzies,,Fonzies Original Cheese Flavoured Corn Snacks 24g,Chips & Crisps,active,fonzies-original-cheese-flavoured-corn-snacks-24g
Forno,,FORNO Authentic Cheese 40g,Chips & Crisps,active,forno-authentic-cheese-40g
Freez,,Freez Mix Blue Hawaii Tropical Fruit Carbonated Drink 275ml,Carbonated Soft Drinks,active,freez-mix-blue-hawaii-tropical-fruit-carbonated-drink-275ml
Freez,,Freez Mix Carbonated Flavored Drink Lychee 275ml,Carbonated Soft Drinks,active,freez-mix-carbonated-flavored-drink-lychee-275ml
Freez,,Freez Mix Carbonated Flavored Drink Pomegranate Mix 275ml,Carbonated Soft Drinks,active,freez-mix-carbonated-flavored-drink-pomegranate-mix-275ml
Freez,,Freez Mix Lemon & Mint Carbonated Drink 275ml,Carbonated Soft Drinks,active,freez-mix-lemon-mint-carbonated-drink-275ml
Freez,,Freez Mix Pineapple & Coconut Carbonated Drink 275ml,Carbonated Soft Drinks,draft,freez-mix-pineapple-coconut-carbonated-drink-275ml
Freez,,Freez Mix Strawberry Carbonated Drink 275ml,Carbonated Soft Drinks,active,freez-mix-strawberry-carbonated-drink-275ml
Frit-C,,Frit-C Belts Strawberry 20g,Candy,active,frit-c-belts-strawberry-20g
Frit-C,,Frit-C Extreme Z Apple 20g,Candy,active,frit-c-extreme-z-apple-20g
Frit-C,,Frit-C Extreme Z Cola 20g,Candy,active,frit-c-extreme-z-cola-20g
Frit-C,,Frit-C Extreme Z Strawberry 20g,Candy,active,frit-c-extreme-z-strawberry-20g
Fruit,,Fruit Roll Strawberry Flavour 12g,Candy,active,fruit-roll-strawberry-flavour-12g
Fruitoo,,Fruitoo Original Taste Berries Mixed Flavour 1 Litre,Juices & Fruit Drinks,active,fruitoo-original-taste-berries-mixed-flavour-1-litre
Fruits,,fruits Roll Grape Flavour 12 g,Candy,active,fruits-roll-grape-flavour-12-g
Fruittella,,Fruittella Mixed Fruit Chewy Sweets Gelatin Free,Gums,active,fruittella-mixed-fruit-chewy-sweets-gelatin-free
Fruittella,,Fruittella Orange Chewy Sweets with Fruit Juice,Gums,active,fruittella-orange-chewy-sweets-with-fruit-juice
Fruittella,,Fruittella Strawberry Chewy Sweets Gelatin Free,Gums,active,fruittella-strawberry-chewy-sweets-gelatin-free
Fruties,,Fruties Chew Apple 12 g,Candy,active,fruties-chew-apple-12-g
Fruties,,Fruties Chew Blueberry 12 g,Candy,active,fruties-chew-blueberry-12-g
Fruties,,Fruties Chew Strawberry 12 g,Candy,active,fruties-chew-strawberry-12-g
Fruties,,Fruties Chew Tape Strawberry 12 g,Candy,active,fruties-chew-tape-strawberry-12-g
Fun,,Fun Basketball Candy Toy,Candy,active,fun-basketball-candy-toy
Funkee,,Funkee Dips Blue Raspberry Sherbet with Candy Dipstick 12g,Candy,active,funkee-dips-blue-raspberry-sherbet-with-candy-dipstick-12g
Funkee,,Funkee Dips Cherry Sherbet with Candy Dipstick 12g,Candy,active,funkee-dips-cherry-sherbet-with-candy-dipstick-12g
Funkee,,Funkee Dips Strawberry Sherbet with Candy Dipstick 12g,Candy,active,funkee-dips-strawberry-sherbet-with-candy-dipstick-12g
Funny,,Funny Faces Chewy Candy 39g,Candy,active,funny-faces-chewy-candy-39g
Funti,,Funti,Candy,active,funti
Galaxy,,Galaxy Almond Ice Cream 58g,Ice Cream,active,galaxy-almond-ice-cream-58g
Galaxy,,Galaxy Caramel 40 gm,Chocolates,active,galaxy-caramel-40-gm
Galaxy,,Galaxy Cookie Crumble 36 gm,Chocolates,active,galaxy-cookie-crumble-36-gm
Galaxy,,Galaxy Crispy 36 GM,Chocolates,active,galaxy-crispy-36-gm
Galaxy,,Galaxy Flutes 45g,Chocolates,active,galaxy-flutes-45g
Galaxy,,Galaxy Fruit & Nut 36 gm,Chocolates,active,galaxy-fruit-nut-36-gm
Galaxy,,Galaxy Hazelnut & Chocolate Ice Cream 73g,Ice Cream,active,galaxy-hazelnut-chocolate-ice-cream-73g
Galaxy,,Galaxy Hazelnut 36 gm,Chocolates,active,galaxy-hazelnut-36-gm
Galaxy,,GALAXY Ice Cream Cone 110ml,Ice Cream,active,galaxy-ice-cream-cone-110ml
Galaxy,,GALAXY Ice Cream Heart 54.6g,Ice Cream,active,galaxy-ice-cream-heart-54-6g
Galaxy,,Galaxy Minstrels Pleasure Worth Sharing 42 GM,Chocolates,active,galaxy-minstrels-pleasure-worth-sharing-42-gm
Galaxy,,Galaxy Ripple 30g,Chocolates,active,galaxy-ripple-30g
Galaxy,,Galaxy Smooth Dark 40 gm,Chocolates,active,galaxy-smooth-dark-40-gm
Galaxy,,Galaxy Smooth Milk 36 gm,Chocolates,active,galaxy-smooth-milk-36-gm
Galaxy,,Galaxy Smooth White 38 gm,Chocolates,active,galaxy-smooth-white-38-gm
Galaxy,,Galaxy Vanilla Ice Cream 50g,Ice Cream,active,galaxy-vanilla-ice-cream-50g
Galaxy,,Galaxy Vanilla Ice Cream 59g,Ice Cream,active,galaxy-vanilla-ice-cream-59g
Garlic,,Garlic Mixture – 100 g,Snacks,active,garlic-mixture-100-g
Go,,Go On Protein Cocoa Chocolate Vitamin 7 – 50 GM,Chocolates,active,go-on-protein-cocoa-chocolate-vitamin-7-50-gm
Go,,Go On Vitamin L-Carnitine Magnesium 7 Vitamins 50 GM,Chocolates,active,go-on-vitamin-l-carnitine-magnesium-7-vitamins-50-gm
Godiva,,Godiva Belgium 1926 Double Chocolate Bar 35 gm,Chocolates,active,godiva-belgium-1926-double-chocolate-bar-35-gm
Gremmers,,Gremmers Mega Sour Gum 14 g,Candy,active,gremmers-mega-sour-gum-14-g
Guava,,Guava Nectar (Contains 35% Juice) 250 ml,Juices & Fruit Drinks,active,guava-nectar-contains-35-juice-250-ml
Gum,,Gum Powder Explosively Sour Bubblegum 35g,Candy,active,gum-powder-explosively-sour-bubblegum-35g
Halabi,,HALABI Cashews 250g,Nuts & Seeds,active,halabi-cashews-250g
Halabi,,HALABI Cashews 90g,Nuts & Seeds,active,halabi-cashews-90g
Halabi,,HALABI Classic Mix 300g,Nuts & Seeds,active,halabi-classic-mix-300g
Halabi,,HALABI Coated Peanuts Kri Kri 250g,Nuts & Seeds,active,halabi-coated-peanuts-kri-kri-250g
Halabi,,HALABI Kernels Mix 300g,Nuts & Seeds,active,halabi-kernels-mix-300g
Halabi,,HALABI Kernels Mix 400g (Tin),Nuts & Seeds,active,halabi-kernels-mix-400g-tin
Halabi,,HALABI Mexican Nuts 175g,Nuts & Seeds,active,halabi-mexican-nuts-175g
Halabi,,HALABI Peanuts 250g,Nuts & Seeds,active,halabi-peanuts-250g
Halabi,,HALABI Pistachios 250g,Nuts & Seeds,active,halabi-pistachios-250g
Halabi,,HALABI Pumpkin Seeds 250g,Nuts & Seeds,active,halabi-pumpkin-seeds-250g
Halabi,,HALABI Salted Almonds 90g,Nuts & Seeds,active,halabi-salted-almonds-90g
Halabi,,HALABI Sunflower Seeds 250g,Nuts & Seeds,active,halabi-sunflower-seeds-250g
Halabi,,HALABI Super Extra Mix 300g,Nuts & Seeds,active,halabi-super-extra-mix-300g
Halabi,,HALABI Super Extra Mix 400g (Tin),Nuts & Seeds,active,halabi-super-extra-mix-400g-tin
Halabi,,HALABI Thai Mix 175g,Nuts & Seeds,active,halabi-thai-mix-175g
Halabi,,HALABI Unsalted Mix 400g (Tin),Nuts & Seeds,active,halabi-unsalted-mix-400g-tin
Halley,,Halley Milk Chocolate 26g,Chocolates,active,halley-milk-chocolate-26g
Haribo,,Haribo Berries – 80 g,Candy,active,haribo-berries-80-g
Haribo,,Haribo Chamallows Rubino Strawberry Marshmallow 70 g,Candy,active,haribo-chamallows-rubino-strawberry-marshmallow-70-g
Haribo,,Haribo Goldbears with Fruit Juice – 80 g,Candy,active,haribo-goldbears-with-fruit-juice-80-g
Haribo,,Haribo Happy Cola Fizz – 70 g,Candy,active,haribo-happy-cola-fizz-70-g
Haribo,,Haribo Mega-Roulette 45 gm,Candy,active,haribo-mega-roulette-45-gm
Haribo,,Haribo Starmix – 80 g,Candy,active,haribo-starmix-80-g
Haribo,,Haribo Teeth – 80 g,Candy,active,haribo-teeth-80-g
Haribo,,Haribo Veggy Mix – 80 g,Candy,active,haribo-veggy-mix-80-g
Haribo,,Haribo Worms – 80 g,Candy,active,haribo-worms-80-g
Hershey’S,,Hershey’s Cookie & Chocolate Ice Cream 61g,Ice Cream,active,hershey-s-cookie-chocolate-ice-cream-61g
Hershey’S,,Hershey’s Cookies & Cream Ice Cream 61g,Ice Cream,active,hershey-s-cookies-cream-ice-cream-61g
High,,High Speed Drink 250 ml,Carbonated Soft Drinks,active,high-speed-drink-250-ml
Hiss,,Hiss Crispy Wafer,Chocolates,active,hiss-crispy-wafer
Hobby,,Hobby Caramel Nougat Bar 16 g,Chocolates,active,hobby-caramel-nougat-bar-16-g
Hobby,,Hobby Chocolate Coated Wafer Bar 20 g,Chocolates,active,hobby-chocolate-coated-wafer-bar-20-g
Hot,,Hot Dog with Candy Mustard 15 ML,Candy,active,hot-dog-with-candy-mustard-15-ml
Ice,,Ice Blaster 48g,Candy,active,ice-blaster-48g
Ice,,Ice Blasterz Super Sour Cool Candy 48 g,Candy,active,ice-blasterz-super-sour-cool-candy-48-g
Ice,,Ice Cream Jam Filled Mallow 100 g,Candy,active,ice-cream-jam-filled-mallow-100-g
Ice,,Ice Cream Jam-Filled Mallow 100g,Candy,active,ice-cream-jam-filled-mallow-100g
Ice,,Ice Cream Kunafa,Ice Cream,active,ice-cream-kunafa
Ice,,Ice Pop Blue Raspberry 54g,Ice Cream,active,ice-pop-blue-raspberry-54g
ICE,,ICE QUEEN Bom Bom Ice Cream 80ml,Ice Cream,active,ice-queen-bom-bom-ice-cream-80ml
Ice,,Ice Queen Bubble Gum Ice Cream 80ml,Ice Cream,active,ice-queen-bubble-gum-ice-cream-80ml
Ice,,Ice Queen Koro Ice Cream 70ml,Ice Cream,active,ice-queen-koro-ice-cream-70ml
Iceland,,Iceland Luna Hazelnut Chocolate and Panna Cotta,Ice Cream,active,iceland-luna-hazelnut-chocolate-and-panna-cotta
Iceland,,Iceland Luna Panna Cotta Aromatic with Chocolate Topping,Ice Cream,active,iceland-luna-panna-cotta-aromatic-with-chocolate-topping
Iceland,,Iceland Vanilla Ice Cream,Ice Cream,active,iceland-vanilla-ice-cream
Igloo,,Igloo Big 3 in 1 Ice Cream 58g,Ice Cream,active,igloo-big-3-in-1-ice-cream-58g
Igloo,,IGLOO Chocobar Chocolate Stick 55ml,Ice Cream,active,igloo-chocobar-chocolate-stick-55ml
Igloo,,Igloo Hyperloop Ice Cream 68g,Ice Cream,active,igloo-hyperloop-ice-cream-68g
Igloo,,Igloo Kulfi Alphonso Mango 65ml,Ice Cream,active,igloo-kulfi-alphonso-mango-65ml
Igloo,,Igloo Kulfi Creamy Pista 65ml,Ice Cream,active,igloo-kulfi-creamy-pista-65ml
Igloo,,Igloo Kulfi Royal Kesari 65ml,Ice Cream,active,igloo-kulfi-royal-kesari-65ml
Igloo,,Igloo Push Up Semi-Milk,Ice Cream,active,igloo-push-up-semi-milk
Igloo,,Igloo Traditional Malai Kulfi Pistachio & Cashew 85g,Ice Cream,active,igloo-traditional-malai-kulfi-pistachio-cashew-85g
Igloo,,Igloo Vanilla Sandwich Evens 55g,Ice Cream,active,igloo-vanilla-sandwich-evens-55g
Ion,,Ion Supply Drink Pocari Sweat 300ml,Energy & Sports Drinks,active,ion-supply-drink-pocari-sweat-300ml
Jellopy,,Jellopy Rainbow Licorice 20g,Candy,active,jellopy-rainbow-licorice-20g
Jelly,,Jelly Cola 20g,Candy,active,jelly-cola-20g
Jordina,,Jordina Tropi 35 GM,Chocolates,draft,jordina-tropi-35-gm
Juice,,Juice Dip Candy Strawberry 20g,Candy,active,juice-dip-candy-strawberry-20g
Juicy,,Juicy Drop Pop Cola Flavour 27 g,Candy,active,juicy-drop-pop-cola-flavour-27-g
Juicy,,Juicy Drop Pop Copa 26 g,Candy,active,juicy-drop-pop-copa-26-g
Juicy,,Juicy Drop Pop Raspberry 26 g,Candy,active,juicy-drop-pop-raspberry-26-g
Jumpo,,Jumpo Roll 55 g,Bakery & Pastries,active,jumpo-roll-55-g
Karkish,,Karkish Caramelized Onion 85g,Chips & Crisps,active,karkish-caramelized-onion-85g
Karkish,,Karkish French Cheese 40g,Chips & Crisps,active,karkish-french-cheese-40g
Karkish,,Karkish Hot Chilli 40g,Chips & Crisps,active,karkish-hot-chilli-40g
Karkish,,Karkish Nacho Cheese 85g,Chips & Crisps,active,karkish-nacho-cheese-85g
Karkish,,Karkish Natural Potato Chips Barbecue Flavour 40 g,Chips & Crisps,active,karkish-natural-potato-chips-barbecue-flavour-40-g
Karkish,,Karkish Paprika 40g,Chips & Crisps,active,karkish-paprika-40g
Karkish,,Karkish Salt,Chips & Crisps,active,karkish-salt
Karkish,,Karkish Salt & Vinegar,Chips & Crisps,active,karkish-salt-vinegar
Karkish,,Karkish Salt & Vinegar 40g,Chips & Crisps,active,karkish-salt-vinegar-40g
KDD,,KDD 100% Apple Juice 180 ml,Juices & Fruit Drinks,active,kdd-100-apple-juice-180-ml
KDD,,KDD 100% Apple Juice 250 ml,Juices & Fruit Drinks,active,kdd-100-apple-juice-250-ml
KDD,,KDD 100% Orange Juice 180 ml,Juices & Fruit Drinks,active,kdd-100-orange-juice-180-ml
KDD,,KDD 100% Orange Juice 250 ml,Juices & Fruit Drinks,active,kdd-100-orange-juice-250-ml
KDD,,KDD 100% Pineapple Juice 250 ml,Juices & Fruit Drinks,active,kdd-100-pineapple-juice-250-ml
KDD,,KDD Apple Juice 125 ml,Juices & Fruit Drinks,active,kdd-apple-juice-125-ml
KDD,,KDD Blitz Vanilla Ice Cream with Raspberry 62.5g,Ice Cream,draft,kdd-blitz-vanilla-ice-cream-with-raspberry-62-5g
KDD,,KDD Caffè Latte Coffee with Milk 250 ml,Carbonated Soft Drinks,draft,kdd-caff-latte-coffee-with-milk-250-ml
KDD,,KDD Caramel Macchiato Coffee with Milk 250 ml,Carbonated Soft Drinks,draft,kdd-caramel-macchiato-coffee-with-milk-250-ml
KDD,,KDD Cherry Drink 250 ml,Juices & Fruit Drinks,active,kdd-cherry-drink-250-ml
KDD,,KDD Choco Rico Ice Cream 62.5g,Ice Cream,active,kdd-choco-rico-ice-cream-62-5g
KDD,,KDD Chocolate Ice Cream 100g,Ice Cream,active,kdd-chocolate-ice-cream-100g
KDD,,KDD Chocolate Ice Cream Silver Cones 100ml,Ice Cream,active,kdd-chocolate-ice-cream-silver-cones-100ml
KDD,,KDD Chocolate Milk Enriched with Vitamins A & D 125 ml,Juices & Fruit Drinks,active,kdd-chocolate-milk-enriched-with-vitamins-a-d-125-ml
KDD,,KDD Cocktail Fruit Drink 125 ml,Juices & Fruit Drinks,active,kdd-cocktail-fruit-drink-125-ml
KDD,,KDD Cocktail Fruit Drink 180 ml,Juices & Fruit Drinks,active,kdd-cocktail-fruit-drink-180-ml
KDD,,KDD Cocktail Fruit Drink 250ml,Juices & Fruit Drinks,active,kdd-cocktail-fruit-drink-250ml
KDD,,KDD Guava Nectar 180 ml,Juices & Fruit Drinks,active,kdd-guava-nectar-180-ml
KDD,,KDD Guava Nectar 250 ml,Juices & Fruit Drinks,active,kdd-guava-nectar-250-ml
KDD,,KDD Iced Mocha Coffee with Chocolate Milk 250 ml,Carbonated Soft Drinks,draft,kdd-iced-mocha-coffee-with-chocolate-milk-250-ml
KDD,,KDD Lulu Ice Cream – Chocolate & Nougat 100ml,Ice Cream,active,kdd-lulu-ice-cream-chocolate-nougat-100ml
KDD,,KDD Mango Nectar 125 ml,Juices & Fruit Drinks,active,kdd-mango-nectar-125-ml
KDD,,KDD Mango Nectar 250 ml,Juices & Fruit Drinks,active,kdd-mango-nectar-250-ml
KDD,,KDD Orange Ice Cream Lollies 62.5ml,Ice Cream,active,kdd-orange-ice-cream-lollies-62-5ml
KDD,,KDD Orange Lolly Water Ice 62.5g,Ice Cream,active,kdd-orange-lolly-water-ice-62-5g
KDD,,KDD Orange with Grape Juice 125 ml,Juices & Fruit Drinks,active,kdd-orange-with-grape-juice-125-ml
KDD,,KDD Peach Nectar 250 ml,Juices & Fruit Drinks,active,kdd-peach-nectar-250-ml
KDD,,KDD Strawberry Ice Cream 100g,Ice Cream,active,kdd-strawberry-ice-cream-100g
KDD,,KDD Vanilla Almond Ice Cream 95g,Ice Cream,active,kdd-vanilla-almond-ice-cream-95g
KDD,,KDD Vanilla Ice Cream 100g,Ice Cream,active,kdd-vanilla-ice-cream-100g
KDD,,KDD Vanilla Ice Cream Biscuit Sandwich 77ml,Ice Cream,active,kdd-vanilla-ice-cream-biscuit-sandwich-77ml
KDD,,KDD Vanilla Ice Cream Gold Cone 100cc,Ice Cream,active,kdd-vanilla-ice-cream-gold-cone-100cc
Kiddy,,Kiddy Toys Rubber Chicken Toy,Candy,active,kiddy-toys-rubber-chicken-toy
Kifco,,Kifco Plain Rusks 385g,Bakery & Pastries,active,kifco-plain-rusks-385g
Kinder,,Kinder Bueno Chocolate Bar 43 g,Chocolates,active,kinder-bueno-chocolate-bar-43-g
Kinder,,Kinder Bueno Ice Cream 62g,Ice Cream,active,kinder-bueno-ice-cream-62g
Kinder,,Kinder Bueno White 3.5g,Chocolates,active,kinder-bueno-white-3-5g
Kinder,,Kinder Cards 25.6g,Chocolates,active,kinder-cards-25-6g
Kinder,,Kinder Chocolate 4 Bars 50g,Chocolates,active,kinder-chocolate-4-bars-50g
Kinder,,Kinder Maxi 21g,Chocolates,active,kinder-maxi-21g
Kinza,,Kinza Blackcurrant 250ml,Carbonated Soft Drinks,active,kinza-blackcurrant-250ml
Kinza,,Kinza Citrus 250ml,Carbonated Soft Drinks,active,kinza-citrus-250ml
Kinza,,Kinza Cola 250ml,Carbonated Soft Drinks,active,kinza-cola-250ml
Kinza,,Kinza Diet Cola 250ml,Carbonated Soft Drinks,active,kinza-diet-cola-250ml
Kinza,,Kinza Lemon 250ml,Carbonated Soft Drinks,active,kinza-lemon-250ml
Kinza,,Kinza Lemon Zero Sugar 250ml,Carbonated Soft Drinks,active,kinza-lemon-zero-sugar-250ml
Kinza,,Kinza Orange 250ml,Carbonated Soft Drinks,active,kinza-orange-250ml
Kinza,,Kinza Pomegranate 250ml,Carbonated Soft Drinks,active,kinza-pomegranate-250ml
Kiokpop,,Kiokpop Candy Orange 5G,Candy,active,kiokpop-candy-orange-5g
Kitco,,KITCO Nice Chicken Flavor Chips 16g,Chips & Crisps,active,kitco-nice-chicken-flavor-chips-16g
Kitco,,KITCO Nice Chips Chicken Flavor Pack 20 × 16g,Chips & Crisps,active,kitco-nice-chips-chicken-flavor-pack-20-16g
Kitco,,KITCO Nice Chips Chilly 16g × 20,Chips & Crisps,active,kitco-nice-chips-chilly-16g-20
Kitco,,KITCO Nice Chips French Cheese Pack 20 × 16g,Chips & Crisps,active,kitco-nice-chips-french-cheese-pack-20-16g
Kitco,,KITCO Nice Chips Lightly Salted 80g,Chips & Crisps,active,kitco-nice-chips-lightly-salted-80g
Kitco,,KITCO Nice Chips Paprika 80g,Chips & Crisps,active,kitco-nice-chips-paprika-80g
Kitco,,KITCO Nice Chips Salt & Vinegar Pack 20 × 16g,Chips & Crisps,active,kitco-nice-chips-salt-vinegar-pack-20-16g
Kitco,,KITCO Nice Chips Tomato Ketchup Pack 20 × 16g,Chips & Crisps,active,kitco-nice-chips-tomato-ketchup-pack-20-16g
Kitco,,KITCO Nice French Cheese Chips 16g,Chips & Crisps,active,kitco-nice-french-cheese-chips-16g
Kitco,,KITCO Nice French Cheese Chips 80g,Chips & Crisps,active,kitco-nice-french-cheese-chips-80g
Kitco,,KITCO Nice Hot & Spicy Chips 16g,Chips & Crisps,active,kitco-nice-hot-spicy-chips-16g
Kitco,,KITCO Nice Hot & Spicy Chips 80g,Chips & Crisps,active,kitco-nice-hot-spicy-chips-80g
Kitco,,KITCO Nice Salt & Vinegar Chips 80g,Chips & Crisps,active,kitco-nice-salt-vinegar-chips-80g
Kitco,,KITCO Nice Tomato Ketchup Chips 16g,Chips & Crisps,active,kitco-nice-tomato-ketchup-chips-16g
Kitkat,,KitKat Ice Cream 90ml,Ice Cream,active,kitkat-ice-cream-90ml
Konak,,Konak Hoop Dubai Wafer Balls Pistachio Kunafa 27g,Chocolates,active,konak-hoop-dubai-wafer-balls-pistachio-kunafa-27g
Kulfi,,Kulfi Stick Ice Cream (Saudi),Ice Cream,active,kulfi-stick-ice-cream-saudi
Lays,,LAYS Barbecue Flavored 184.2g,Chips & Crisps,active,lays-barbecue-flavored-184-2g
Lays,,LAYS Cheddar & Sour Cream Flavored 184.2g,Chips & Crisps,active,lays-cheddar-sour-cream-flavored-184-2g
Lays,,LAYS Chili 48g,Chips & Crisps,active,lays-chili-48g
Lays,,LAYS Classic 184.2g,Chips & Crisps,active,lays-classic-184-2g
Lays,,LAYS French Cheese 21g,Chips & Crisps,active,lays-french-cheese-21g
Lays,,LAYS French Cheese 48g,Chips & Crisps,active,lays-french-cheese-48g
Lays,,LAYS Honey Barbecue Flavored 184.2g,Chips & Crisps,active,lays-honey-barbecue-flavored-184-2g
Lays,,LAYS Original Taste 155g,Chips & Crisps,active,lays-original-taste-155g
Lays,,LAYS Salt & Vinegar Flavored 184.2g,Chips & Crisps,active,lays-salt-vinegar-flavored-184-2g
Lays,,LAYS Salted 12g,Chips & Crisps,active,lays-salted-12g
Lays,,LAYS Salted 155g,Chips & Crisps,active,lays-salted-155g
Lays,,LAYS Salted 48g,Chips & Crisps,active,lays-salted-48g
Lays,,LAYS Sour Cream & Onion Flavored 184.2g,Chips & Crisps,active,lays-sour-cream-onion-flavored-184-2g
Lays,,LAYS Tomato Ketchup 155g,Chips & Crisps,active,lays-tomato-ketchup-155g
Lays,,LAYS Tomato Ketchup 21g,Chips & Crisps,active,lays-tomato-ketchup-21g
Lay’S,,Lay’s Flamin’ Hot 48g,Chips & Crisps,active,lay-s-flamin-hot-48g
Lay’S,,Lay’s Maxx Chicago Hot Wings 160g,Chips & Crisps,active,lay-s-maxx-chicago-hot-wings-160g
Lay’S,,Lay’s Maxx Mexican Chilli 105g,Chips & Crisps,active,lay-s-maxx-mexican-chilli-105g
Leetak,,Leetak Kreetenes Almond Toffee 100 g,Candy,active,leetak-kreetenes-almond-toffee-100-g
Lemon,,Lemon Mint Ice Lolly,Ice Cream,active,lemon-mint-ice-lolly
Lipton,,Lipton Peach Ice Tea 320ml,Carbonated Soft Drinks,active,lipton-peach-ice-tea-320ml
Lipton,,Lipton Zero Sugar Peach Ice Tea 320ml,Carbonated Soft Drinks,active,lipton-zero-sugar-peach-ice-tea-320ml
Loacker,,Loacker Classic Cremkakao 45 GM,Chocolates,active,loacker-classic-cremkakao-45-gm
Loacker,,Loacker Classic Napolitaner 45 GM,Chocolates,active,loacker-classic-napolitaner-45-gm
London,,London Oven Fresh – London Bakery (210 g),Bakery & Pastries,active,london-oven-fresh-london-bakery-210-g
Lusine,,Lusine Apple Puff (70 g),Bakery & Pastries,active,lusine-apple-puff-70-g
Lusine,,Lusine Biscuit Cream Butter Croissant (83 g),Bakery & Pastries,active,lusine-biscuit-cream-butter-croissant-83-g
Lusine,,Lusine Butter Croissant (85 g),Bakery & Pastries,active,lusine-butter-croissant-85-g
Lusine,,Lusine Cheese Croissant (60 g),Bakery & Pastries,active,lusine-cheese-croissant-60-g
Lusine,,Lusine Cheese Puff (70 g),Bakery & Pastries,active,lusine-cheese-puff-70-g
Lusine,,Lusine Chocolate Brownie (50 g),Chocolates,active,lusine-chocolate-brownie-50-g
Lusine,,Lusine Chocolate Cupcake (30 g),Bakery & Pastries,active,lusine-chocolate-cupcake-30-g
Lusine,,Lusine Chocolate Cupcake (60 g),Bakery & Pastries,active,lusine-chocolate-cupcake-60-g
Lusine,,Lusine Chocolate Puff (70 g),Bakery & Pastries,active,lusine-chocolate-puff-70-g
Lusine,,Lusine Chocolate Sandwich 105 g,Bakery & Pastries,active,lusine-chocolate-sandwich-105-g
Lusine,,Lusine Flaky Butter Puff – Feta (80 g),Bakery & Pastries,active,lusine-flaky-butter-puff-feta-80-g
Lusine,,Lusine Flaky Butter Puff – Strawberry (80 g),Bakery & Pastries,active,lusine-flaky-butter-puff-strawberry-80-g
Lusine,,Lusine Pizza Puff (90 g),Bakery & Pastries,active,lusine-pizza-puff-90-g
Lusine,,Lusine Strawberry Cupcake (30 g),Bakery & Pastries,active,lusine-strawberry-cupcake-30-g
Lusine,,Lusine Strawberry Cupcake (60 g),Bakery & Pastries,active,lusine-strawberry-cupcake-60-g
Lusine,,Lusine Triple Chocolate Muffin (60 g),Chocolates,active,lusine-triple-chocolate-muffin-60-g
Lusine,,Lusine Vanilla Cupcake (60 g),Bakery & Pastries,active,lusine-vanilla-cupcake-60-g
Lusine,,Lusine Zaatar Croissant,Bakery & Pastries,active,lusine-zaatar-croissant
M&M'S,,M&M's Minis 30.6g,Chocolates,active,m-m-s-minis-30-6g
M&M'S,,M&M's Snacks 36 GM,Chocolates,active,m-m-s-snacks-36-gm
M&M’S,,M&M’s Chocolate 45 GM,Chocolates,active,m-m-s-chocolate-45-gm
M&M’S,,M&M’s Peanut 45 GM,Chocolates,active,m-m-s-peanut-45-gm
Maharaj,,Maharaj Kulfi Semi Ice Milk 80g,Ice Cream,active,maharaj-kulfi-semi-ice-milk-80g
Mallow,,Mallow Iam Filled Mallows 20g,Candy,active,mallow-iam-filled-mallows-20g
Maltesers,,Maltesers 37 GM,Chocolates,active,maltesers-37-gm
Mango,,Mango Nectar 250ml,Juices & Fruit Drinks,active,mango-nectar-250ml
Mango,,Mango Propotious Ice Cream,Ice Cream,active,mango-propotious-ice-cream
Mars,,MARS Chocolate Bar 51g,Chocolates,active,mars-chocolate-bar-51g
Mars,,Mars Ice Cream 51g,Ice Cream,active,mars-ice-cream-51g
Marshmallow,,Marshmallow Flower 15g,Candy,active,marshmallow-flower-15g
Mazoon,,Mazoon Snack 20g,Chips & Crisps,active,mazoon-snack-20g
Melon,,Melon Water Ice 70g,Ice Cream,active,melon-water-ice-70g
Mentos,,Mentos 3D Sugarfree Chewing Gum Fresh Mint 5 Pieces,Gums,active,mentos-3d-sugarfree-chewing-gum-fresh-mint-5-pieces
Mentos,,Mentos 3D Sugarfree Chewing Gum Watermelon 5 Pieces,Gums,active,mentos-3d-sugarfree-chewing-gum-watermelon-5-pieces
Mentos,,Mentos Bubble Gum,Gums,active,mentos-bubble-gum
Mentos,,Mentos Fresh Dive Soft Gum Cool Peppermint Flavour (44 Pieces),Gums,active,mentos-fresh-dive-soft-gum-cool-peppermint-flavour-44-pieces
Mentos,,Mentos Fresh Dive Soft Gum Tidal Grape Flavour 44 Pieces,Gums,active,mentos-fresh-dive-soft-gum-tidal-grape-flavour-44-pieces
Mentos,,Mentos Fruit Chewy Candy Roll 37.5 g,Gums,active,mentos-fruit-chewy-candy-roll-37-5-g
Mentos,,Mentos Incredible Chew Cola Flavour Chews 140 g,Gums,active,mentos-incredible-chew-cola-flavour-chews-140-g
Mentos,,Mentos Incredible Chew Soft Candy Grape Flavour,Gums,active,mentos-incredible-chew-soft-candy-grape-flavour
Mentos,,Mentos Incredible Chew Soft Candy Green Apple Flavour,Gums,active,mentos-incredible-chew-soft-candy-green-apple-flavour
Mentos,,Mentos Incredible Chew Soft Candy Strawberry Flavour,Gums,active,mentos-incredible-chew-soft-candy-strawberry-flavour
Mentos,,Mentos Mint Chewy Candy Rol 37.5 g,Gums,active,mentos-mint-chewy-candy-rol-37-5-g
Mentos,,Mentos Pure Fresh Chewing Gum Fresh Mint,Gums,active,mentos-pure-fresh-chewing-gum-fresh-mint
Mentos,,Mentos Pure Fresh Chewing Gum Fresh Mint 32 Pieces,Gums,active,mentos-pure-fresh-chewing-gum-fresh-mint-32-pieces
Mentos,,Mentos Pure Fresh Chewing Gum Strawberry 32 Pieces,Gums,active,mentos-pure-fresh-chewing-gum-strawberry-32-pieces
Mentos,,Mentos Pure Fresh Chewing Gum Watermelon 32 Pieces,Gums,active,mentos-pure-fresh-chewing-gum-watermelon-32-pieces
Mentos,,Mentos Pure Fresh Chewing Gum Wintergreen 32 Pieces,Gums,active,mentos-pure-fresh-chewing-gum-wintergreen-32-pieces
Mentos,,Mentos Pure Fresh Sugarfree Chewing Gum Bubble Fresh 50 Pieces 87.5 g,Gums,active,mentos-pure-fresh-sugarfree-chewing-gum-bubble-fresh-50-pieces-87-5-g
Mentos,,Mentos Pure Fresh Sugarfree Chewing Gum Bubble Fresh 9 Pieces 15 g,Gums,active,mentos-pure-fresh-sugarfree-chewing-gum-bubble-fresh-9-pieces-15-g
Mentos,,Mentos Pure Fresh Sugarfree Chewing Gum Fresh Mint 9 Pieces 15 g,Gums,active,mentos-pure-fresh-sugarfree-chewing-gum-fresh-mint-9-pieces-15-g
Mentos,,Mentos Pure Fresh Sugarfree Chewing Gum Spearmint 50 Pieces 87.5 g,Gums,active,mentos-pure-fresh-sugarfree-chewing-gum-spearmint-50-pieces-87-5-g
Mentos,,Mentos Pure Fresh Sugarfree Chewing Gum Spearmint 9 Pieces 15 g,Gums,active,mentos-pure-fresh-sugarfree-chewing-gum-spearmint-9-pieces-15-g
Mentos,,Mentos Pure Fresh Sugarfree Chewing Gum Strawberry 50 Pieces 87.5 g,Gums,active,mentos-pure-fresh-sugarfree-chewing-gum-strawberry-50-pieces-87-5-g
Mentos,,Mentos Pure Fresh Sugarfree Chewing Gum Strawberry 9 Pieces 15 g,Gums,active,mentos-pure-fresh-sugarfree-chewing-gum-strawberry-9-pieces-15-g
Mentos,,Mentos Pure Fresh Sugarfree Chewing Gum Watermelon 50 Pieces 87.5 g,Gums,active,mentos-pure-fresh-sugarfree-chewing-gum-watermelon-50-pieces-87-5-g
Mentos,,Mentos Rainbow Chewy Candy Roll 37.5 g,Gums,active,mentos-rainbow-chewy-candy-roll-37-5-g
Mentos,,Mentos Strawberry,Gums,active,mentos-strawberry
Mentos,,Mentos Strawberry Chewy Candy Roll 37.5 g,Gums,active,mentos-strawberry-chewy-candy-roll-37-5-g
Mentos,,Mentos White Sugar Free Chewing Gum Peppermint Flavour 38 Pieces,Gums,active,mentos-white-sugar-free-chewing-gum-peppermint-flavour-38-pieces
Mentos,,Mentos White Sugar Free Chewing Gum Spearmint Flavour 72 Pieces,Gums,active,mentos-white-sugar-free-chewing-gum-spearmint-flavour-72-pieces
Mentos,,Mentos White Sugar Free Chewing Gum Strawberry Flavour 72 Pieces,Gums,active,mentos-white-sugar-free-chewing-gum-strawberry-flavour-72-pieces
Mentos,,Mentos White Sugar Free Chewing Gum Sweet Mint Flavour 38 Pieces,Gums,active,mentos-white-sugar-free-chewing-gum-sweet-mint-flavour-38-pieces
Mentos,,Mentos White Sugar Free Chewing Gum Tutti Frutti Flavour 38 Pieces,Gums,active,mentos-white-sugar-free-chewing-gum-tutti-frutti-flavour-38-pieces
Mexita,,Mexita Hot Chili & Lime Tortilla Chips 23g,Chips & Crisps,active,mexita-hot-chili-lime-tortilla-chips-23g
Mexita,,Mexita Hot Chilli & Lime Tortilla Chips 180g,Chips & Crisps,active,mexita-hot-chilli-lime-tortilla-chips-180g
Mexita,,Mexita Hot Chilli & Lime Tortilla Chips 40g,Chips & Crisps,active,mexita-hot-chilli-lime-tortilla-chips-40g
Mexita,,Mexita Nacho Cheese Tortilla Chips 180g,Chips & Crisps,active,mexita-nacho-cheese-tortilla-chips-180g
Mexita,,Mexita Nacho Cheese Tortilla Chips 23g,Chips & Crisps,active,mexita-nacho-cheese-tortilla-chips-23g
Mexita,,Mexita Sweet & Sour Tortilla Chips 180g,Chips & Crisps,active,mexita-sweet-sour-tortilla-chips-180g
Mexita,,Mexita Sweet Chili Pepper Tortilla Chips 23g,Chips & Crisps,active,mexita-sweet-chili-pepper-tortilla-chips-23g
Mexita,,Mexita Sweet Chilli Pepper Tortilla Chips 180g,Chips & Crisps,active,mexita-sweet-chilli-pepper-tortilla-chips-180g
Mexita,,Mexita Sweet Chilli Pepper Tortilla Chips 40g,Chips & Crisps,active,mexita-sweet-chilli-pepper-tortilla-chips-40g
Milk,,Milk Flavour Chews Rich and Creamy Gelatin Free,Gums,active,milk-flavour-chews-rich-and-creamy-gelatin-free
Milki,,Milki Krowka Cream Fudge Candy 750 g,Candy,active,milki-krowka-cream-fudge-candy-750-g
Milky,,Milky Bar 12g,Chocolates,active,milky-bar-12g
Mini,,Mini Takis Fuego Hot Chili Pepper & Lime Artificially Flavoured Tortilla Chips 35 g,Chips & Crisps,active,mini-takis-fuego-hot-chili-pepper-lime-artificially-flavoured-tortilla-chips-35-g
Minis,,Minis 20 Mixed – 400 gm,Chocolates,active,minis-20-mixed-400-gm
Minis,,Minis 35 Mixed – 710 gm,Chocolates,active,minis-35-mixed-710-gm
Mirinda,,Mirinda Apple 330ml,Carbonated Soft Drinks,active,mirinda-apple-330ml
Mirinda,,Mirinda Citrus 330ml,Carbonated Soft Drinks,active,mirinda-citrus-330ml
Mirinda,,Mirinda Orange 1.25L,Carbonated Soft Drinks,active,mirinda-orange-1-25l
Mirinda,,Mirinda Orange 150ml,Carbonated Soft Drinks,active,mirinda-orange-150ml
Mirinda,,Mirinda Orange 2.25L,Carbonated Soft Drinks,active,mirinda-orange-2-25l
Mirinda,,Mirinda Orange 330ml,Carbonated Soft Drinks,active,mirinda-orange-330ml
Mirinda,,Mirinda Strawberry 330ml,Carbonated Soft Drinks,active,mirinda-strawberry-330ml
Mixed,,Mixed Minis Chocolate Pack 400g × 2,Chocolates,active,mixed-minis-chocolate-pack-400g-2
Mizo,,Mizo Orange & Carrot Drink 1.35 Litre,Juices & Fruit Drinks,active,mizo-orange-carrot-drink-1-35-litre
Molto,,Molto Chips Barbecue Flavour 70 g,Chips & Crisps,active,molto-chips-barbecue-flavour-70-g
Molto,,Molto Chips Cheese Flavour 16g,Chips & Crisps,active,molto-chips-cheese-flavour-16g
Molto,,Molto Chips Cheese Flavour 70 g,Chips & Crisps,active,molto-chips-cheese-flavour-70-g
Molto,,Molto Chips Chilli & Lemon Flavour 70 g,Chips & Crisps,active,molto-chips-chilli-lemon-flavour-70-g
Molto,,Molto Chips Chilli & Vinegar Flavour 16g,Chips & Crisps,active,molto-chips-chilli-vinegar-flavour-16g
Molto,,Molto Chips Ketchup Flavour 16g,Chips & Crisps,active,molto-chips-ketchup-flavour-16g
Molto,,Molto Chips Ketchup Flavour 70 g,Chips & Crisps,active,molto-chips-ketchup-flavour-70-g
Molto,,Molto Chips Salt Flavour 70 g,Chips & Crisps,active,molto-chips-salt-flavour-70-g
Monster,,Monster Energy Drink 250ml,Energy & Sports Drinks,active,monster-energy-drink-250ml
Mountain Dew,,Mountain Dew 1.25L,Carbonated Soft Drinks,active,mountain-dew-1-25l
Mountain Dew,,Mountain Dew 150ml,Carbonated Soft Drinks,active,mountain-dew-150ml
Mountain Dew,,Mountain Dew 2.25L,Carbonated Soft Drinks,active,mountain-dew-2-25l
Mountain Dew,,Mountain Dew 330ml,Carbonated Soft Drinks,active,mountain-dew-330ml
Mountain Dew,,Mountain Dew Zero Sugar 330ml,Carbonated Soft Drinks,active,mountain-dew-zero-sugar-330ml
Moussy,,Moussy Apple Flavour 330ml,Carbonated Soft Drinks,active,moussy-apple-flavour-330ml
Moussy,,Moussy Classic Flavour 330ml,Carbonated Soft Drinks,active,moussy-classic-flavour-330ml
Moussy,,Moussy Ice Berry Flavour 330ml,Carbonated Soft Drinks,active,moussy-ice-berry-flavour-330ml
Moussy,,Moussy Lemon Mint Flavour 330ml,Carbonated Soft Drinks,active,moussy-lemon-mint-flavour-330ml
Moussy,,Moussy Peach Flavour 330ml,Carbonated Soft Drinks,active,moussy-peach-flavour-330ml
Moussy,,Moussy Raspberry Flavour 330ml,Carbonated Soft Drinks,active,moussy-raspberry-flavour-330ml
Moussy,,Moussy Strawberry Flavour 330ml,Carbonated Soft Drinks,active,moussy-strawberry-flavour-330ml
Mr.,,Mr. Brown Cappuccino Iced Coffee 240 ml,Carbonated Soft Drinks,draft,mr-brown-cappuccino-iced-coffee-240-ml
Mr.,,Mr. Brown Caramel Latte Iced Coffee 240 ml,Carbonated Soft Drinks,draft,mr-brown-caramel-latte-iced-coffee-240-ml
Mr.,,Mr. Brown Iced Coffee 240 ml,Carbonated Soft Drinks,draft,mr-brown-iced-coffee-240-ml
Mr.,,Mr. Brown Vanilla Iced Coffee 240 ml,Carbonated Soft Drinks,draft,mr-brown-vanilla-iced-coffee-240-ml
Muncho,,Muncho Almond Semi Ice Milk 120ml,Ice Cream,active,muncho-almond-semi-ice-milk-120ml
Naba,,Naba Coconut Water with Pulp 330ml,Carbonated Soft Drinks,active,naba-coconut-water-with-pulp-330ml
Nani,,"Nani Chocolate with Nougat, Caramel & Hazelnut 40g",Chocolates,active,nani-chocolate-with-nougat-caramel-hazelnut-40g
Nani,,Nani Pistachio 40g,Chocolates,active,nani-pistachio-40g
Napoleon,,Napoleon Original Butterscotch Candy 150 g,Chocolates,draft,napoleon-original-butterscotch-candy-150-g
Napoleon,,Napoleon Vanilla Flavour Butterscotch Candy 150 g,Chocolates,draft,napoleon-vanilla-flavour-butterscotch-candy-150-g
Narshmallow,,Narshmallow 13g,Candy,active,narshmallow-13g
Nescafé,,Nescafé Mocha 225ml,Carbonated Soft Drinks,active,nescaf-mocha-225ml
Nescafé,,Nescafé Spanish Latte 225ml,Carbonated Soft Drinks,active,nescaf-spanish-latte-225ml
Nestlé,,Nestlé KitKat 18 GM,Chocolates,active,nestl-kitkat-18-gm
Nestlé,,Nestlé KitKat 36.5 GM,Chocolates,active,nestl-kitkat-36-5-gm
Nestlé,,Nestlé KitKat Crunchy 40 GM,Chocolates,active,nestl-kitkat-crunchy-40-gm
Nestlé,,Nestlé Lion 30 GM,Chocolates,active,nestl-lion-30-gm
Nestlé,,Nestlé Lion Chocolate Bar 42g,Chocolates,active,nestl-lion-chocolate-bar-42g
Nestlé,,Nestlé Tola Crispy Wafer with Caramel & Milk Chocolate,Chocolates,active,nestl-tola-crispy-wafer-with-caramel-milk-chocolate
Nice,,Nice Chips with Light Salt 167g,Chips & Crisps,active,nice-chips-with-light-salt-167g
Nice,,Nice Chips with Tomato Ketchup 167g,Chips & Crisps,active,nice-chips-with-tomato-ketchup-167g
Nice,,Nice French Cheese Natural Potato Chips 80 g,Chips & Crisps,active,nice-french-cheese-natural-potato-chips-80-g
Nice,,Nice Hot & Spicy Natural Potato Chips 167 g,Chips & Crisps,active,nice-hot-spicy-natural-potato-chips-167-g
Nice,,Nice Lightly Salted Natural Potato Chips 167 g,Chips & Crisps,active,nice-lightly-salted-natural-potato-chips-167-g
Nice,,Nice Lightly Salted Natural Potato Chips 80 g,Chips & Crisps,active,nice-lightly-salted-natural-potato-chips-80-g
Nice,,Nice Paprika Natural Potato Chips 167 g,Chips & Crisps,active,nice-paprika-natural-potato-chips-167-g
Nice,,Nice Paprika Natural Potato Chips 80 g,Chips & Crisps,active,nice-paprika-natural-potato-chips-80-g
Nice,,Nice Salt & Vinegar Natural Potato Chips 167 g,Chips & Crisps,active,nice-salt-vinegar-natural-potato-chips-167-g
Nice,,Nice Tomato Ketchup Natural Potato Chips 80 g,Chips & Crisps,active,nice-tomato-ketchup-natural-potato-chips-80-g
Non-Alcoholic,,Non-Alcoholic Malt Beverage Effs Original 330ml,Carbonated Soft Drinks,active,non-alcoholic-malt-beverage-effs-original-330ml
Nutella,,Nutella B-Ready,Chocolates,active,nutella-b-ready
Nutella,,Nutella Biscuits 1.4 GM,Chocolates,active,nutella-biscuits-1-4-gm
Oazis,,Oazis Ice Cream,Ice Cream,draft,oazis-ice-cream
Oman,,OMAN Chips Chilli Flavor 15g,Chips & Crisps,active,oman-chips-chilli-flavor-15g
Orange,,Orange Push Up (Saudia),Ice Cream,active,orange-push-up-saudia
Oreo,,Oreo Cake Choco Coated 24g,Chocolates,active,oreo-cake-choco-coated-24g
Oreo,,Oreo Cone with Oreo Cookie Pieces 110ml,Ice Cream,active,oreo-cone-with-oreo-cookie-pieces-110ml
Oreo,,Oreo Original Sandwich Biscuits 36.8 g,Chocolates,active,oreo-original-sandwich-biscuits-36-8-g
Oreo,,Oreo Sandwich with Cookie Pieces 80g,Ice Cream,active,oreo-sandwich-with-cookie-pieces-80g
Oreo,,Oreo Sandwich with Oreo Cookie Pieces 135ml,Ice Cream,active,oreo-sandwich-with-oreo-cookie-pieces-135ml
Oreo,,Oreo Stick with Oreo Cookie Pieces 64g,Ice Cream,active,oreo-stick-with-oreo-cookie-pieces-64g
Original,,Original Oreo – 36.8 g,Chocolates,active,original-oreo-36-8-g
Oronamin,,Oronamin C Drink 120ml,Carbonated Soft Drinks,active,oronamin-c-drink-120ml
Oshee,,Oshee Isotonic Drink 750ml,Energy & Sports Drinks,active,oshee-isotonic-drink-750ml
Peanut,,Peanut Butter Bar Granio Milk Chocolate 40g,Chocolates,draft,peanut-butter-bar-granio-milk-chocolate-40g
Penguin,,Penguin Vanilla Ice Cream,Ice Cream,active,penguin-vanilla-ice-cream
Pepsi,,Pepsi 1.25L,Carbonated Soft Drinks,active,pepsi-1-25l
Pepsi,,Pepsi 2.25L,Carbonated Soft Drinks,active,pepsi-2-25l
Pepsi,,Pepsi 330ml,Carbonated Soft Drinks,active,pepsi-330ml
Pepsi,,Pepsi Great Taste Less Sugar 150ml,Carbonated Soft Drinks,active,pepsi-great-taste-less-sugar-150ml
Pepsi,,Pepsi Zero Sugar 330ml,Carbonated Soft Drinks,active,pepsi-zero-sugar-330ml
Perrier,,Perrier Natural Sparkling Water 200ml,Water,active,perrier-natural-sparkling-water-200ml
Pink,,Pink & White Marshmallow 100 g,Candy,active,pink-white-marshmallow-100-g
Pistachio,,Pistachio Kunafa Chocolate 100g,Chocolates,active,pistachio-kunafa-chocolate-100g
Plombir,,Plombir Vanilla Ice Cream 15%,Ice Cream,active,plombir-vanilla-ice-cream-15
Pomegranate,,Pomegranate Nectar 250ml,Juices & Fruit Drinks,draft,pomegranate-nectar-250ml
Pop,,Pop Plier Candy Toy,Candy,active,pop-plier-candy-toy
Potato,,Potato Ripples Crunch Cheese 15g,Chips & Crisps,active,potato-ripples-crunch-cheese-15g
Power,,Power Boss Energy Drink 250ml,Energy & Sports Drinks,active,power-boss-energy-drink-250ml
Power,,Power Red Energy Drink 250ml,Energy & Sports Drinks,active,power-red-energy-drink-250ml
Power,,Power X Carbonated Drink 250ml,Carbonated Soft Drinks,active,power-x-carbonated-drink-250ml
Pran Basil,,Pran Basil Seed Lychee 250 ml,Juices & Fruit Drinks,active,pran-basil-seed-lychee-250-ml
Pran Chanachur,,PRAN Chanachur Bombay Mix 50 g,Snacks,active,pran-chanachur-bombay-mix-50-g
Pran Frooto,,Pran Frooto Mango Juice 1 Litre,Juices & Fruit Drinks,active,pran-frooto-mango-juice-1-litre
Pran Frooto,,Pran Frooto Mango Juice 200ml,Juices & Fruit Drinks,active,pran-frooto-mango-juice-200ml
Pran Frooto,,Pran Frooto Mango Juice 500ml,Juices & Fruit Drinks,active,pran-frooto-mango-juice-500ml
Pran Jhal,,PRAN Jhal Muri 50 g,Snacks,active,pran-jhal-muri-50-g
Pran Litchi,,Pran Litchi Drink 250 ml,Juices & Fruit Drinks,active,pran-litchi-drink-250-ml
Pran Mango,,Pran Mango Fruit Drink 250ml,Juices & Fruit Drinks,active,pran-mango-fruit-drink-250ml
Pran Special,,PRAN Special Toast (Rusk) – 385g,Bakery & Pastries,draft,pran-special-toast-rusk-385g
Pringles,,Pringles Barbeque – 165 g,Chips & Crisps,active,pringles-barbeque-165-g
Pringles,,Pringles Barbeque – 40 g,Chips & Crisps,active,pringles-barbeque-40-g
Pringles,,Pringles Cheesy Cheesy – 165 g,Chips & Crisps,active,pringles-cheesy-cheesy-165-g
Pringles,,Pringles Cheesy Cheesy – 40 g,Chips & Crisps,active,pringles-cheesy-cheesy-40-g
Pringles,,Pringles Hot & Spicy – 165 g,Chips & Crisps,active,pringles-hot-spicy-165-g
Pringles,,Pringles Hot & Spicy – 40 g,Chips & Crisps,active,pringles-hot-spicy-40-g
Pringles,,Pringles Ketchup – 165 g,Chips & Crisps,active,pringles-ketchup-165-g
Pringles,,Pringles Ketchup – 40 g,Chips & Crisps,active,pringles-ketchup-40-g
Pringles,,Pringles Original,Chips & Crisps,active,pringles-original
Pringles,,Pringles Original – 165 g,Chips & Crisps,active,pringles-original-165-g
Pringles,,Pringles Paprika – 165 g,Chips & Crisps,active,pringles-paprika-165-g
Pringles,,Pringles Paprika – 40 g,Chips & Crisps,active,pringles-paprika-40-g
Pringles,,Pringles Salt & Vinegar – 165 g,Chips & Crisps,active,pringles-salt-vinegar-165-g
Pringles,,Pringles Salt & Vinegar – 40 g,Chips & Crisps,active,pringles-salt-vinegar-40-g
Pringles,,Pringles Sour Cream & Onion – 165 g,Chips & Crisps,active,pringles-sour-cream-onion-165-g
Push,,Push Pop Candy Strawberry Flavour 15 g,Candy,active,push-pop-candy-strawberry-flavour-15-g
Qatar,,Qatar Oasis Natural Water 1.5L x 6,Water,active,qatar-oasis-natural-water-1-5l-x-6
Qatar,,Qatar Pafki 15 g,Chips & Crisps,active,qatar-pafki-15-g
Qbake,,Qbake Apple Puff 70g,Bakery & Pastries,active,qbake-apple-puff-70g
Qbake,,Qbake Brown Bread 620g,Bakery & Pastries,active,qbake-brown-bread-620g
Qbake,,Qbake Burger Bun (420 g),Bakery & Pastries,active,qbake-burger-bun-420-g
Qbake,,Qbake Butter Bread 300g,Bakery & Pastries,active,qbake-butter-bread-300g
Qbake,,Qbake Hot Dog Roll – Soft & Fluffy (500 g),Bakery & Pastries,active,qbake-hot-dog-roll-soft-fluffy-500-g
Qbake,,Qbake Milk Bread 350Gm,Bakery & Pastries,active,qbake-milk-bread-350gm
Qbake,,Qbake Milk Bread Medium 620gm,Bakery & Pastries,active,qbake-milk-bread-medium-620gm
Qbake,,Qbake Mini Chocolate Muffins 195g,Bakery & Pastries,active,qbake-mini-chocolate-muffins-195g
Qbake,,Qbake Mini Vanilla Muffins Original 195g,Bakery & Pastries,active,qbake-mini-vanilla-muffins-original-195g
Qbake,,Qbake multi Grain Bread 325g,Bakery & Pastries,active,qbake-multi-grain-bread-325g
Qbake,,Qbake Samona (360 g),Bakery & Pastries,active,qbake-samona-360-g
Qbake,,Qbake Soft Bun (420 g),Bakery & Pastries,active,qbake-soft-bun-420-g
Qbake,,Qbake Sweet Puff 70g,Bakery & Pastries,active,qbake-sweet-puff-70g
Qbake,,Qbake Vanilla Cupcake 15pcs,Bakery & Pastries,active,qbake-vanilla-cupcake-15pcs
Qbake,,Qbake White Bread 620g,Bakery & Pastries,active,qbake-white-bread-620g
Qbake,,Qbake White Bread Small 320g,Bakery & Pastries,active,qbake-white-bread-small-320g
Qbake,,Qbake Zaatar Cream Cheese Sandwich Roll 110g,Bakery & Pastries,active,qbake-zaatar-cream-cheese-sandwich-roll-110g
Raffaello,,Raffaello Chocolate 30g,Chocolates,active,raffaello-chocolate-30g
Raja,,Raja Potato Crunchies 12g,Chips & Crisps,active,raja-potato-crunchies-12g
Raja,,Raja Potato Crunchies Ketchup 12g,Chips & Crisps,active,raja-potato-crunchies-ketchup-12g
Raja,,Raja Potatos Crunchies Ketchup 60 g,Chips & Crisps,active,raja-potatos-crunchies-ketchup-60-g
Rani Apple,,Rani Apple Juice 1.4L,Juices & Fruit Drinks,draft,rani-apple-juice-1-4l
Rani Carrot,,Rani Carrot Orange Juice 1.4L,Juices & Fruit Drinks,draft,rani-carrot-orange-juice-1-4l
Rani Float,,Rani Float Cocktail 240ml,Juices & Fruit Drinks,draft,rani-float-cocktail-240ml
Rani Float,,Rani Float Green Apple 238ml,Juices & Fruit Drinks,draft,rani-float-green-apple-238ml
Rani Float,,Rani Float Guava 240ml,Juices & Fruit Drinks,draft,rani-float-guava-240ml
Rani Float,,Rani Float Orange 240ml,Carbonated Soft Drinks,draft,rani-float-orange-240ml
Rani Float,,Rani Float Peach 240ml,Juices & Fruit Drinks,draft,rani-float-peach-240ml
Rani Float,,Rani Float Pineapple 240ml,Juices & Fruit Drinks,draft,rani-float-pineapple-240ml
Rani Float,,Rani Float Pineapple Coconut 240ml,Juices & Fruit Drinks,draft,rani-float-pineapple-coconut-240ml
Rani Guava,,Rani Guava Juice 1.4L,Juices & Fruit Drinks,draft,rani-guava-juice-1-4l
Rani Mango,,Rani Mango Juice 1.4L,Juices & Fruit Drinks,draft,rani-mango-juice-1-4l
Rani Orange,,Rani Orange Juice 1.4L,Juices & Fruit Drinks,draft,rani-orange-juice-1-4l
Rani Peach,,Rani Peach Juice 1.4L,Juices & Fruit Drinks,draft,rani-peach-juice-1-4l
Rani Pineapple,,Rani Pineapple Juice 1.4L,Juices & Fruit Drinks,draft,rani-pineapple-juice-1-4l
Rani Pomegranate,,Rani Pomegranate Juice 1.4L,Juices & Fruit Drinks,draft,rani-pomegranate-juice-1-4l
Rayyan,,Rayyan 40 Years Together 250ml,Water,active,rayyan-40-years-together-250ml
Rayyan,,Rayyan Alkaline Mineral Water 1.5L x 6,Water,active,rayyan-alkaline-mineral-water-1-5l-x-6
Rayyan,,Rayyan Mineral Water 200ml x 30,Water,active,rayyan-mineral-water-200ml-x-30
Rayyan,,Rayyan Mineral Water 330ml x 30,Water,active,rayyan-mineral-water-330ml-x-30
Rayyan,,Rayyan Natural Water 1.5L x 6,Water,active,rayyan-natural-water-1-5l-x-6
Rayyan,,Rayyan Natural Water 330ml x 12,Water,active,rayyan-natural-water-330ml-x-12
Rayyan,,RAYYAN Natural Water 330ml × 12,Water,active,rayyan-natural-water-330ml-12
Red Band,,Red Band Tutti Frutti Fruit Flavoured Candy,Candy,active,red-band-tutti-frutti-fruit-flavoured-candy
Red Bull,,Red Bull Apricot Strawberry Energy Drink 250ml,Energy & Sports Drinks,active,red-bull-apricot-strawberry-energy-drink-250ml
Red Bull,,Red Bull Energy Drink 250ml,Energy & Sports Drinks,active,red-bull-energy-drink-250ml
Red Bull,,Red Bull Sea Blue Edition 250ml,Energy & Sports Drinks,active,red-bull-sea-blue-edition-250ml
Red Bull,,Red Bull Sugar Free 250ml,Energy & Sports Drinks,active,red-bull-sugar-free-250ml
Red Bull,,Red Bull Sugarfree 250ml,Energy & Sports Drinks,draft,red-bull-sugarfree-250ml
Red Bull,,Red Bull The Apricot Edition (Apricot & Strawberry) 250ml,Energy & Sports Drinks,draft,red-bull-the-apricot-edition-apricot-strawberry-250ml
Red Bull,,Red Bull The Blue Edition (Blueberry) 250ml,Energy & Sports Drinks,active,red-bull-the-blue-edition-blueberry-250ml
Red Bull,,Red Bull The Red Edition (Watermelon) 250ml,Energy & Sports Drinks,active,red-bull-the-red-edition-watermelon-250ml
Red Bull,,Red Bull The Sea Blue Edition (Cherry & Forest Fruits) 250ml,Energy & Sports Drinks,draft,red-bull-the-sea-blue-edition-cherry-forest-fruits-250ml
Red Bull,,Red Bull The White Edition (Coconut & Berry) 250ml,Energy & Sports Drinks,draft,red-bull-the-white-edition-coconut-berry-250ml
Red Bull,,Red Bull White Edition Coconut Berry 250ml,Energy & Sports Drinks,active,red-bull-white-edition-coconut-berry-250ml
Reese’S,,Reese’s Peanut Butter Chocolate Ice Cream 61ml,Ice Cream,active,reese-s-peanut-butter-chocolate-ice-cream-61ml
Reese’S,,Reese’s Peanut Butter Ice Cream 100ml,Ice Cream,active,reese-s-peanut-butter-ice-cream-100ml
Reese’S,,Reese’s Peanut Butter Sandwich Ice Cream 63g,Ice Cream,active,reese-s-peanut-butter-sandwich-ice-cream-63g
Relish,,"Relish Cashew, Pistachio & Oats Cookies 42 g",Biscuits,active,relish-cashew-pistachio-oats-cookies-42-g
Ring,,Ring Candy Grape Flavour 10g,Candy,active,ring-candy-grape-flavour-10g
Ring,,Ring Candy Strawberry 10g,Candy,active,ring-candy-strawberry-10g
Rita,,Rita Berry 240ml,Carbonated Soft Drinks,active,rita-berry-240ml
Rita,,Rita Blue 240ml,Carbonated Soft Drinks,active,rita-blue-240ml
Rita,,Rita Blue Sparkling Drink 275ml,Carbonated Soft Drinks,active,rita-blue-sparkling-drink-275ml
Rita,,Rita Lemon & Mint Sparkling Drink 275ml,Carbonated Soft Drinks,active,rita-lemon-mint-sparkling-drink-275ml
Rita,,Rita Mixed Berries Sparkling Drink 240ml,Carbonated Soft Drinks,active,rita-mixed-berries-sparkling-drink-240ml
Rita,,Rita Mojito 240ml,Carbonated Soft Drinks,active,rita-mojito-240ml
Rita,,Rita Passion 240ml,Carbonated Soft Drinks,active,rita-passion-240ml
Rita,,Rita Pink 240ml,Carbonated Soft Drinks,active,rita-pink-240ml
Rita,,Rita Red 240ml,Carbonated Soft Drinks,active,rita-red-240ml
Rita,,Rita Red Sparkling Drink 275ml,Carbonated Soft Drinks,active,rita-red-sparkling-drink-275ml
Rita,,Rita Red Zero Sugar 240ml,Carbonated Soft Drinks,active,rita-red-zero-sugar-240ml
Roller,,Roller Blaster Blue Raspberry – 60 ml,Candy,active,roller-blaster-blue-raspberry-60-ml
Roller,,Roller Blaster Sour Liquid Candy Rol Blue Raspberry 60 ml,Candy,active,roller-blaster-sour-liquid-candy-rol-blue-raspberry-60-ml
Royal Tiger,,Royal Tiger Energy Drink 250ml,Carbonated Soft Drinks,active,royal-tiger-energy-drink-250ml
Rubiyan,,Rubiyan Cheesy Flavour 18g,Chips & Crisps,active,rubiyan-cheesy-flavour-18g
Rubiyan,,Rubiyan Chips Spicy Cheese Flavour 20g,Chips & Crisps,active,rubiyan-chips-spicy-cheese-flavour-20g
Rubiyan,,Rubiyan Corn Stick Spicy Cheese Flavour 18g,Chips & Crisps,active,rubiyan-corn-stick-spicy-cheese-flavour-18g
Rubiyan,,Rubiyan Salt & Vinegar Flavour 20g,Chips & Crisps,active,rubiyan-salt-vinegar-flavour-20g
Saba,,Saba Orange Drink Float 240ml,Juices & Fruit Drinks,active,saba-orange-drink-float-240ml
Saba,,Saba Peach Drink Float 240ml,Juices & Fruit Drinks,active,saba-peach-drink-float-240ml
Saba,,Saba Pineapple Drink Float 240ml,Juices & Fruit Drinks,active,saba-pineapple-drink-float-240ml
Saba,,Saba Strawberry & Banana Drink Float 240ml,Juices & Fruit Drinks,active,saba-strawberry-banana-drink-float-240ml
Salad,,Salad Chips 15 g,Chips & Crisps,active,salad-chips-15-g
Salad,,Salad Chips 75 g,Chips & Crisps,active,salad-chips-75-g
Sando,,Sando Italian Recipe Chocolate Wafer 32 GM,Chocolates,active,sando-italian-recipe-chocolate-wafer-32-gm
Sandwich,,Sandwich Coffee Ice Cream (Saudi),Ice Cream,active,sandwich-coffee-ice-cream-saudi
Saray,,Saray Cikonella – Hazelnut Paste with Cocoa,Candy,active,saray-cikonella-hazelnut-paste-with-cocoa
Saudi,,Saudi Mango Stick,Ice Cream,active,saudi-mango-stick
Scary,,Scary Eyes Chewy Candy 39g,Candy,active,scary-eyes-chewy-candy-39g
Schogetten,,Schogetten Alpine Milk Chocolate 100g,Chocolates,active,schogetten-alpine-milk-chocolate-100g
Schogetten,,Schogetten Alpine Milk Chocolate with Hazelnuts 100g,Chocolates,active,schogetten-alpine-milk-chocolate-with-hazelnuts-100g
Schogetten,,Schogetten Dark Chocolate 100g,Chocolates,active,schogetten-dark-chocolate-100g
Schogetten,,Schogetten Praline Noisettes 100g,Chocolates,active,schogetten-praline-noisettes-100g
Schogetten,,Schogetten White Chocolate 100g,Chocolates,active,schogetten-white-chocolate-100g
Schweppes,,Schweppes Ginger Ale 250ml,Carbonated Soft Drinks,active,schweppes-ginger-ale-250ml
Schweppes,,Schweppes Tonic Water 250ml,Carbonated Soft Drinks,active,schweppes-tonic-water-250ml
Screamers,,Screamers Mega Sour Gum 17 g,Candy,active,screamers-mega-sour-gum-17-g
Screamers,,Screamers Megasaur Gum,Candy,active,screamers-megasaur-gum
Screamerz,,Screamerz Big Lick Sour Candy Rolle Purple Razz 60 ml,Candy,active,screamerz-big-lick-sour-candy-rolle-purple-razz-60-ml
Semi,,Semi Ice Milk with Cotton Candy,Ice Cream,active,semi-ice-milk-with-cotton-candy
Semi-Ice,,Semi-Ice Milk Vanilla 44g,Ice Cream,active,semi-ice-milk-vanilla-44g
Shaheem,,Shaheem Energy Drink 250ml,Energy & Sports Drinks,active,shaheem-energy-drink-250ml
Shami,,Shami Strawberry Drink 200 ml,Juices & Fruit Drinks,active,shami-strawberry-drink-200-ml
Shani,,Shani Can 330ml,Carbonated Soft Drinks,active,shani-can-330ml
Shani,,Shani Fruit Flavoured Drink 330ml,Carbonated Soft Drinks,active,shani-fruit-flavoured-drink-330ml
Skittles,,Skittles Crazy Sours 38g,Chocolates,active,skittles-crazy-sours-38g
Skittles,,Skittles Fruits 38g,Chocolates,active,skittles-fruits-38g
Skittles,,Skittles Gummies Fruits 60g,Chocolates,active,skittles-gummies-fruits-60g
Skittles,,Skittles Smoothies 38g,Chocolates,active,skittles-smoothies-38g
Skittles,,Skittles Tropical 38g,Chocolates,active,skittles-tropical-38g
Smarties,,Smarties 38g,Chocolates,active,smarties-38g
Snaz,,Snaz Swizz Roll (20 g),Bakery & Pastries,active,snaz-swizz-roll-20-g
Snaz,,Snaz Swizz Roll with Strawberry (20 g),Bakery & Pastries,active,snaz-swizz-roll-with-strawberry-20-g
Snickers,,Snickers 45 GM,Chocolates,active,snickers-45-gm
Snickers,,Snickers 70 GM,Chocolates,active,snickers-70-gm
Snickers,,Snickers Chocolate Bar,Chocolates,active,snickers-chocolate-bar
Snickers,,SNICKERS Chocolate Bar 40g,Chocolates,active,snickers-chocolate-bar-40g
Snickers,,SNICKERS Chocolate Bar 45g,Chocolates,active,snickers-chocolate-bar-45g
Snickers,,Snickers Creamy Peanut Butter 36.5 GM,Chocolates,active,snickers-creamy-peanut-butter-36-5-gm
Snickers,,SNICKERS Creamy Peanut Butter 36.5g,Chocolates,active,snickers-creamy-peanut-butter-36-5g
Snickers,,Snickers Dark 42 GM,Chocolates,active,snickers-dark-42-gm
Snickers,,Snickers Ice Cream 70g,Ice Cream,active,snickers-ice-cream-70g
Snickers,,Snickers Ice Cream 73.5g,Ice Cream,active,snickers-ice-cream-73-5g
Snickers,,SNICKERS Ice Cream Stick 73.5g,Ice Cream,active,snickers-ice-cream-stick-73-5g
Snickers,,Snickers Miniatures 150g,Chocolates,active,snickers-miniatures-150g
Snickers,,Snickers Peanut Butter Creamy Ice Cream 36.5g,Ice Cream,active,snickers-peanut-butter-creamy-ice-cream-36-5g
Snickers,,Snickers Wafer Rolls 24 gm,Chocolates,active,snickers-wafer-rolls-24-gm
Snickers,,SNICKERS White Ice Cream Bar 41g,Ice Cream,active,snickers-white-ice-cream-bar-41g
Snickers,,Snickers X-Treme 42 GM,Chocolates,active,snickers-x-treme-42-gm
Snickers,,Snickers Xtreme Extra Nuts & Caramel Chocolate Bar 42g,Chocolates,active,snickers-xtreme-extra-nuts-caramel-chocolate-bar-42g
Sohar,,Sohar Chips 22 g,Chips & Crisps,active,sohar-chips-22-g
Sour,,Sour Punk Apple Flavour 40g,Candy,active,sour-punk-apple-flavour-40g
Sour,,Sour Punk Blueberry 50g,Candy,active,sour-punk-blueberry-50g
Sour,,Sour Punk Cola Flavour 50g,Candy,active,sour-punk-cola-flavour-50g
Sour,,Sour Punk Strawberry 20g,Candy,active,sour-punk-strawberry-20g
Sour,,Sour Stick Apple Flavour 20g,Candy,active,sour-stick-apple-flavour-20g
Sour,,Sour Whacky Squeeze Candy 70g,Candy,active,sour-whacky-squeeze-candy-70g
Space,,Space Chupi Lollipop (20 Units),Candy,active,space-chupi-lollipop-20-units
Spark,,Spark 18 gm,Chocolates,active,spark-18-gm
Speed,,Speed Energy Drink 250ml,Energy & Sports Drinks,active,speed-energy-drink-250ml
Spiner,,Spiner Ice Cream 170ml,Ice Cream,active,spiner-ice-cream-170ml
Spring,,Spring Water 250ml,Carbonated Soft Drinks,active,spring-water-250ml
Sprite,,Sprite Lemon & Mint Flavoured 350ml,Carbonated Soft Drinks,active,sprite-lemon-mint-flavoured-350ml
Sprite,,Sprite Lemon Lime Flavoured 2.25L,Carbonated Soft Drinks,active,sprite-lemon-lime-flavoured-2-25l
Sprite,,Sprite Lemon Lime Flavoured 350ml,Carbonated Soft Drinks,active,sprite-lemon-lime-flavoured-350ml
Sprite,,Sprite Zero Calories 330ml,Carbonated Soft Drinks,active,sprite-zero-calories-330ml
Star,,Star Fries Banana Chips – 125g,Snacks,active,star-fries-banana-chips-125g
Star,,Star Fries Fruit Banana Chips – 125g,Snacks,active,star-fries-fruit-banana-chips-125g
Star,,Star Fries Garlic Murukku – 125g,Snacks,active,star-fries-garlic-murukku-125g
Star,,Star Fries Indian Mixture – 200g,Snacks,active,star-fries-indian-mixture-200g
Star,,Star Fries Jackfruit Chips – 125g,Snacks,active,star-fries-jackfruit-chips-125g
Star,,Star Fries Malabar Murukku – 125g,Snacks,active,star-fries-malabar-murukku-125g
Star,,Star Fries Ring Murukku – Kerala Style,Snacks,active,star-fries-ring-murukku-kerala-style
Star,,Star Fries Tapioca Chips – 125g,Snacks,active,star-fries-tapioca-chips-125g
Star,,Star Fries Tapioca Stick – 125g,Snacks,active,star-fries-tapioca-stick-125g
Strawberry,,Strawberry & Vanilla Ice Cream,Ice Cream,active,strawberry-vanilla-ice-cream
Strawberry,,Strawberry Lollipop,Candy,active,strawberry-lollipop
Strawberry,,Strawberry Sandwich Semi Ice Milk (Saudia),Ice Cream,active,strawberry-sandwich-semi-ice-milk-saudia
Super,,Super Hyper Acid 17.5g,Candy,active,super-hyper-acid-17-5g
Super,,Super Hyper Acid Apple 0.25g,Candy,active,super-hyper-acid-apple-0-25g
Suroor,,Suroor Natural Potato Chips Chilli 14 g,Chips & Crisps,active,suroor-natural-potato-chips-chilli-14-g
Suroor,,Suroor Natural Potato Chips Ready Salted 14 g,Chips & Crisps,active,suroor-natural-potato-chips-ready-salted-14-g
Suroor,,Suroor Natural Potato Chips Salt & Vinegar 14 g,Chips & Crisps,active,suroor-natural-potato-chips-salt-vinegar-14-g
Suroor,,Suroor Natural Potato Chips Tomato Ketchup 14 g,Chips & Crisps,active,suroor-natural-potato-chips-tomato-ketchup-14-g
Takis,,"Takis Blue Heat Hot Chili Pepper & Lime Tortilla Chips, Artificially Flavoured 113.4 g",Chips & Crisps,active,takis-blue-heat-hot-chili-pepper-lime-tortilla-chips-artificially-flavoured-113-4-g
Takis,,Takis Fuego Hot Chili Pepper & Lime Tortilla Chips,Chips & Crisps,active,takis-fuego-hot-chili-pepper-lime-tortilla-chips
Takis,,"Takis Fuego Hot Chili Pepper & Lime Tortilla Chips, Artificially Flavoured 113.4 g",Chips & Crisps,active,takis-fuego-hot-chili-pepper-lime-tortilla-chips-artificially-flavoured-113-4-g
Takis,,"Takis Zombie Habanero & Cucumber Tortilla Chips, Artificially Flavoured 92.3 g",Chips & Crisps,active,takis-zombie-habanero-cucumber-tortilla-chips-artificially-flavoured-92-3-g
Tang,,Tang Orange Instant Drink Powder 375g,Carbonated Soft Drinks,draft,tang-orange-instant-drink-powder-375g
Tazzy,,Tazzy Mini Licorice Strawberry 25g,Candy,active,tazzy-mini-licorice-strawberry-25g
Test,,Test Product - QAR 1,Testing,draft,test-product-qar-1
Thums,,Thums Up 330ml,Carbonated Soft Drinks,active,thums-up-330ml
Toblerone,,Toblerone 35g,Chocolates,active,toblerone-35g
Toblerone,,Toblerone Ice Cream 65g,Ice Cream,draft,toblerone-ice-cream-65g
Tofi,,Tofi Luk Chocolate Bar 33g,Chocolates,active,tofi-luk-chocolate-bar-33g
Tongue,,Tongue Painter 18g,Candy,active,tongue-painter-18g
Tongue,,Tongue Painter Bubble Gum 16g,Candy,active,tongue-painter-bubble-gum-16g
Topsy,,Topsy Butter Murukku 80 g,Snacks,active,topsy-butter-murukku-80-g
Topsy,,Topsy Cheese Popcorn 18 g,Snacks,active,topsy-cheese-popcorn-18-g
Topsy,,Topsy Chilly Murukku 100 g,Snacks,active,topsy-chilly-murukku-100-g
Topsy,,Topsy Chilly Sev 90 g,Snacks,active,topsy-chilly-sev-90-g
Topsy,,Topsy Garlic Mixture – 100g,Snacks,active,topsy-garlic-mixture-100g
Topsy,,Topsy Garlic Mixture – 300g,Snacks,active,topsy-garlic-mixture-300g
Topsy,,Topsy Makai Mixture 70 g,Snacks,active,topsy-makai-mixture-70-g
Topsy,,Topsy Makai Mixture – 190g,Snacks,active,topsy-makai-mixture-190g
Topsy,,Topsy Masala Peanut – 300g,Snacks,active,topsy-masala-peanut-300g
Topsy,,Topsy Mixed Nuts 100 g,Snacks,active,topsy-mixed-nuts-100-g
Topsy,,Topsy Ola Pakkavada – 100g,Snacks,active,topsy-ola-pakkavada-100g
Topsy,,Topsy Payyoli Mixture 100 g,Snacks,active,topsy-payyoli-mixture-100-g
Topsy,,Topsy Payyoli Mixture – 300g,Snacks,active,topsy-payyoli-mixture-300g
Topsy,,Topsy Popcorn 35 g,Snacks,active,topsy-popcorn-35-g
Topsy,,Topsy Salted Peanuts – 15 g,Nuts & Seeds,active,topsy-salted-peanuts-15-g
Topsy,,Topsy Sunflower Seeds Roasted & Salted 25 g,Nuts & Seeds,active,topsy-sunflower-seeds-roasted-salted-25-g
Topsy,,Topsy Sunflower Seeds – 25 g,Nuts & Seeds,active,topsy-sunflower-seeds-25-g
Trinketto,,Trinketto 70 ml,Candy,active,trinketto-70-ml
Triple,,Triple Power Push Pop Candy,Candy,active,triple-power-push-pop-candy
Triple,,Triple Power Push Pop Candy (3 Pops in 1) 15 g,Candy,active,triple-power-push-pop-candy-3-pops-in-1-15-g
Tupi,,Tupi Raspberry & Blackberry 16 g,Candy,active,tupi-raspberry-blackberry-16-g
Twin,,Twin Burger 14g,Candy,active,twin-burger-14g
Twist,,Twist Stick Mallow 12 g,Candy,active,twist-stick-mallow-12-g
Twistee,,Twistee Strawberry & Lemon Water Ice Cream 65g,Ice Cream,active,twistee-strawberry-lemon-water-ice-cream-65g
Twix,,Twix Ice Cream 40g,Ice Cream,active,twix-ice-cream-40g
Twix,,Twix Miniatures 150g,Chocolates,active,twix-miniatures-150g
Twix,,Twix Top 21g,Chocolates,active,twix-top-21g
Twix,,Twix Wafer Rolls 22.5 gm,Chocolates,active,twix-wafer-rolls-22-5-gm
Twix,,Twix White 23g,Chocolates,active,twix-white-23g
Ulker,,Ulker Stick Crackers (Salted) – 30 g,Chips & Crisps,active,ulker-stick-crackers-salted-30-g
Vanilla,,Vanilla & Strawberry Sandwich Ice Cream 160ml,Ice Cream,active,vanilla-strawberry-sandwich-ice-cream-160ml
Vanilla,,Vanilla Sandwich Semi Ice Milk,Ice Cream,active,vanilla-sandwich-semi-ice-milk
Vanilla,,Vanilla Semi Ice Milk Covered with Chocolate Coating (Saudia),Ice Cream,active,vanilla-semi-ice-milk-covered-with-chocolate-coating-saudia
Vigo,,Vigo Snow Ball White Chocolate 300 g,Candy,active,vigo-snow-ball-white-chocolate-300-g
Vimto,,Vimto Blue Raspberry Fruit Flavoured Drink 250ml,Juices & Fruit Drinks,active,vimto-blue-raspberry-fruit-flavoured-drink-250ml
Vimto,,Vimto Fruit Flavoured Drink 250ml,Juices & Fruit Drinks,active,vimto-fruit-flavoured-drink-250ml
Vimto,,Vimto Strawberry Fruit Flavoured Drink 250ml,Juices & Fruit Drinks,active,vimto-strawberry-fruit-flavoured-drink-250ml
Vitamilk,,Vitamilk Double Choco Shake 300 ml,Juices & Fruit Drinks,active,vitamilk-double-choco-shake-300-ml
Vitamilk,,Vitamilk Energy 300 ml,Juices & Fruit Drinks,active,vitamilk-energy-300-ml
Vitamilk,,Vitamilk Strawberry 300ml,Juices & Fruit Drinks,active,vitamilk-strawberry-300ml
Walkers,,Walkers Vitamin Drink 150ml,Carbonated Soft Drinks,active,walkers-vitamin-drink-150ml
Watermelon,,Watermelon 16 g,Candy,active,watermelon-16-g
Watermelon,,Watermelon Gumball 35 g,Candy,active,watermelon-gumball-35-g
Weirds,,Weirds Tangy Candy Blue Raspberry & Strawberry 15 g,Candy,active,weirds-tangy-candy-blue-raspberry-strawberry-15-g
Windmill,,Windmill Lollipop,Candy,active,windmill-lollipop
Wrigley’S,,Wrigley’s Doublemint Chewing Gum 5 Sticks,Gums,active,wrigley-s-doublemint-chewing-gum-5-sticks
X-Treme,,X-Treme Sour Candy 18 GM,Candy,active,x-treme-sour-candy-18-gm
Xtreme,,Xtreme Butterscotch Ice Cream 110ml,Ice Cream,active,xtreme-butterscotch-ice-cream-110ml
Xtreme,,Xtreme Pop Ice Cream 60ml,Ice Cream,active,xtreme-pop-ice-cream-60ml
Yupi,,Yupi Aquarium 14 g,Candy,active,yupi-aquarium-14-g
Yupi,,Yupi Burger Gummy Candy,Candy,active,yupi-burger-gummy-candy
Yupi,,Yupi Fruit Cocktails 14g,Candy,active,yupi-fruit-cocktails-14g
Yupi,,Yupi Gummi Lunch,Candy,active,yupi-gummi-lunch
Yupi,,Yupi Gummi Pizza,Candy,active,yupi-gummi-pizza
Yupi,,Yupi Gummi Pizza 14 g,Candy,active,yupi-gummi-pizza-14-g
Yupi,,Yupi Iced Cola 17.5 g,Candy,active,yupi-iced-cola-17-5-g
Yupi,,Yupi Strawberry Heart 14 g,Candy,active,yupi-strawberry-heart-14-g
Zombie,,Zombie Blueberry 6g,Candy,active,zombie-blueberry-6g
Ülker,,Ülker Albeni Bites Chocolate Bar 72 g,Biscuits,active,lker-albeni-bites-chocolate-bar-72-g
Ülker,,Ülker Cocoa Cream 40g,Chocolates,active,lker-cocoa-cream-40g
Ülker,,Ülker Coffee Biscuit 58 g,Biscuits,draft,lker-coffee-biscuit-58-g
Ülker,,Ülker Halley Milk Chocolate Coated Biscuit,Chocolates,active,lker-halley-milk-chocolate-coated-biscuit
Ülker,,Ülker Hanimeller Cocoa Chips Cookies 82 g,Biscuits,active,lker-hanimeller-cocoa-chips-cookies-82-g
Ülker,,Ülker Hobby 30 gm,Chocolates,active,lker-hobby-30-gm
Ülker,,Ülker Katkattat Hazelnut Cream 28 gm,Chocolates,active,lker-katkattat-hazelnut-cream-28-gm
Ülker,,Ülker Laviva 35 gm,Chocolates,active,lker-laviva-35-gm
Ülker,,Ülker Laviva Milky Cream Filling 35 gm,Chocolates,active,lker-laviva-milky-cream-filling-35-gm
Ülker,,Ülker Napoliten Milk Chocolate 30 g,Chocolates,active,lker-napoliten-milk-chocolate-30-g
Ülker,,Ülker Rondo Kremali Strawberry Cream Biscuits 61 g,Biscuits,active,lker-rondo-kremali-strawberry-cream-biscuits-61-g
Ülker,,Ülker Rondo Kremaliı Banana Cream Biscuits 61 g,Biscuits,draft,lker-rondo-kremali-banana-cream-biscuits-61-g
Ülker,,Ülker Rulokat 24 GM,Chocolates,active,lker-rulokat-24-gm
Ülker,,Ülker Çikolata Hazelnut 40 gm,Chocolates,active,lker-ikolata-hazelnut-40-gm
Ülker,,Ülker Çikolatalı Gofret 36 GM,Chocolates,active,lker-ikolatal-gofret-36-gm
